Car Name,Price,Kms Driven,Fuel Type,Transmission,Ownership,Manufacturer,Engine,Seats,Manufacture Date
Honda City,8.28 thousand,115062 km,,Manual,First,Honda,1500cc,7,3/3/2022
 toyota city ,5.45 thousand,119669 km,Diesel,Automatic,Second,Toyota,800cc,7,4/14/2005
Ford i20,22.25 crore,81018 km,diesel,Automatic,Third,Ford,2000cc,6,9/27/2006
Honda i20,31.32 thousand,109986 km,Petrol,Manual,Second,Honda,1500cc,6,12/25/2014
Hyundai Nexon,18.9 thousand,126887 km,Diesel,Automatic,Third,Hyundai,1500cc,7,4/20/2021
Toyota Swift,49.44 crore,62714 km,Petrol,Automatic,Second,Toyota,1200cc,7,1/12/2018
Maruti Swift,29.89 crore,66285 km,Diesel,Automatic,First,Maruti,2000cc,4,5/20/2016
Toyota Nexon,31.78 thousand,11176 km,Electric,AUTOMATIC,Second,Toyota,1200cc,6,5/28/2006
 tata i20 ,22.78 thousand,138927 km,Electric,Manual,First,Tata,800cc,7,3/4/2012
BMW Innova,46.37thousand,93913 km,Diesel,Automatic,First,BMW,800cc,4,8/6/2010
 mercedes x1 ,23.56 thousand,53034 km,Electric,Manual,First,Mercedes,800cc,4,4/1/2010
BMW Figo,34.92 crore,37737 km,CNG,Automatic,First,BMW,1000cc,5,10/19/2017
 tata c-class ,4.66 thousand,148381 km,Petrol,Automatic,Second,Tata,1200cc,6,5/18/2023
BMW Figo,31.55 thousand,65882 km,CNG,Automatic,Second,BMW,2000cc,7,7/3/2017
Maruti City,43.8 lakh,94310 km,CNG,Automatic,Third,Maruti,1200cc,4,1/6/2010
Mercedes C-Class,6.22 thousand,29519 km,Electric,Manual,Second,Mercedes,800cc,7,3/5/2023
Mercedes i20,33.56 thousand,15042 km,CNG,MANUAL,First,Mercedes,1200cc,6,11/6/2023
 hyundai innova ,41.12 crore,143770 km,Electric,Manual,Third,Hyundai,1000cc,6,6/26/2007
Hyundai Figo,10.36 thousand,117538 km,CNG,Manual,Third,Hyundai,800cc,7,4/22/2022
Tata X1,18.19thousand,70519 km,Diesel,Automatic,First,Tata,1500cc,7,7/21/2019
Honda X1,34.58 crore,128284 km,Petrol,Automatic,Second,Honda,2000cc,7,11/27/2007
Hyundai City,21.35 thousand,50337 km,Diesel,Automatic,Second,Hyundai,2000cc,4,11/9/2019
Tata Swift,7.66 lakh,132117 km,Electric,Automatic,Third,Tata,1000cc,7,11/14/2019
Toyota i20,11.05 lakh,117008 km,diesel,Automatic,First,Toyota,1000cc,4,1/8/2016
BMW Swift,43.92 crore,123186 km,Petrol,MANUAL,Second,BMW,2000cc,5,4/11/2023
Toyota X1,10.54 lakh,26928 km,Petrol,Automatic,Third,Toyota,800cc,4,9/9/2020
,16.34 lakh,58386 km,Petrol,Manual,First,Tata,1200cc,4,10/5/2011
Maruti Innova,31.82 crore,65567 km,Diesel,AUTOMATIC,Second,Maruti,2000cc,6,8/22/2019
Mercedes Innova,21.41 crore,59281 km,Electric,Automatic,First,Mercedes,1500cc,5,10/16/2022
Honda i20,36.77 lakh,92794 km,CNG,Automatic,Second,Honda,1200cc,6,12/11/2017
Ford X1,38.94 thousand,144457 km,Diesel,AUTOMATIC,First,Ford,1500cc,5,3/19/2006
Ford Figo,9.97lakh,24412 km,diesel,AUTOMATIC,Third,Ford,,7,8/1/2023
Honda City,31.96 thousand,134295 km,Petrol,Manual,Second,Honda,1000cc,6,5/29/2018
Hyundai City,9.17 crore,5133 km,Petrol,Automatic,Second,Hyundai,1000cc,7,9/26/2005
Maruti City,45.94 thousand,90206 km,Electric,Automatic,Third,Maruti,1500cc,7,3/4/2019
Mercedes Figo,23.49 lakh,100771 km,electric,Manual,Second,Mercedes,1200cc,7,5/9/2012
Mercedes Innova,11.41 crore,,Petrol,Manual,Third,Mercedes,2000cc,6,5/4/2013
Hyundai i20,39.23 lakh,112971 km,cng,Manual,First,Hyundai,2000cc,5,3/5/2011
BMW Innova,13.47 lakh,90689 km,Diesel,Automatic,Second,BMW,1500cc,6,3/24/2022
 honda c-class ,41.47 crore,107587 km,diesel,Automatic,Second,Honda,1000cc,6,6/2/2008
Toyota Nexon,27.52 thousand,17592 km,Petrol,Automatic,Third,Toyota,1500cc,7,4/21/2020
BMW Swift,25.48 thousand,83178 km,Electric,Manual,Second,BMW,1000cc,6,2/27/2022
BMW Innova,,90888 km,Electric,Automatic,Second,BMW,800cc,6,6/14/2015
BMW Figo,8.91 thousand,117851 km,petrol,MANUAL,First,BMW,2000cc,7,3/1/2021
Mercedes Figo,42.17 crore,48447 km,Diesel,Automatic,Second,Mercedes,1200cc,7,3/24/2011
Mercedes Nexon,38.23 thousand,85881 km,CNG,Manual,First,Mercedes,1200cc,6,5/3/2011
 hyundai c-class ,15.16 thousand,49147 km,Petrol,Manual,Second,Hyundai,1200cc,4,3/20/2014
Tata Figo,20.72thousand,87881 km,CNG,Automatic,First,Tata,1000cc,4,6/26/2014
 hyundai swift ,29.65 lakh,,petrol,Manual,First,Hyundai,800cc,6,3/31/2020
 hyundai i20 ,40.37 crore,44983 km,cng,Manual,First,Hyundai,1500cc,4,11/2/2014
Ford Nexon,27.84 thousand,39561 km,CNG,Manual,Third,Ford,800cc,6,9/20/2010
 honda city ,17.25 thousand,106640 km,CNG,Automatic,First,Honda,1000cc,7,4/8/2008
 bmw x1 ,13.18 thousand,88679 km,electric,Manual,First,BMW,,6,9/7/2011
 bmw figo ,38.24 crore,68235 km,CNG,AUTOMATIC,Second,BMW,2000cc,7,7/26/2013
Tata Nexon,5.74 crore,16933 km,Electric,Manual,Third,Tata,1500cc,5,11/17/2010
BMW City,26.81 crore,59896 km,CNG,Manual,Third,BMW,1200cc,4,5/11/2023
Honda Swift,33.43 thousand,97472 km,cng,MANUAL,First,Honda,1200cc,6,4/10/2015
Toyota Figo,29.3 crore,21229 km,Diesel,MANUAL,First,Toyota,800cc,6,12/2/2016
 toyota city ,43.57 thousand,43616 km,Diesel,AUTOMATIC,Second,Toyota,1200cc,6,1/19/2019
 bmw nexon ,13.92 thousand,136408 km,Electric,AUTOMATIC,First,BMW,1000cc,4,6/10/2022
BMW i20,18.68 thousand,90148 km,Petrol,Automatic,Second,BMW,1200cc,5,1/25/2023
Mercedes Swift,27.69 thousand,76107 km,CNG,Automatic,Third,Mercedes,1500cc,5,5/23/2008
 maruti c-class ,,132159 km,Electric,Automatic,First,Maruti,800cc,7,7/2/2020
 toyota c-class ,8.88 crore,11269 km,Petrol,Manual,Third,Toyota,2000cc,5,9/4/2009
 maruti c-class ,15.7 lakh,102154 km,Diesel,Manual,First,Maruti,1500cc,4,12/2/2010
BMW Figo,10.85 lakh,22322 km,Electric,Manual,Third,BMW,2000cc,4,3/23/2017
Mercedes Nexon,28.71 lakh,99061 km,CNG,Automatic,Third,Mercedes,1200cc,7,7/23/2015
Tata Nexon,18.0 thousand,49258 km,Petrol,Automatic,First,Tata,1000cc,7,10/31/2021
BMW Figo,38.45crore,52826 km,Electric,Automatic,First,BMW,800cc,5,3/13/2015
 toyota nexon ,31.51 thousand,116153 km,diesel,Automatic,Third,Toyota,2000cc,6,9/18/2011
 hyundai i20 ,36.83 lakh,97672 km,CNG,Automatic,Second,Hyundai,1200cc,4,11/10/2022
Toyota X1,5.21 crore,70039 km,CNG,Manual,Second,Toyota,1000cc,6,8/21/2015
Maruti C-Class,19.15 lakh,103102 km,Petrol,Manual,First,Maruti,1200cc,6,9/7/2006
Tata Swift,22.81 crore,135910 km,Electric,AUTOMATIC,Second,Tata,1200cc,5,7/9/2019
Mercedes C-Class,18.83 lakh,72548 km,CNG,Automatic,First,Mercedes,1200cc,5,12/11/2010
 ford swift ,35.79thousand,143946 km,Electric,Automatic,Second,Ford,2000cc,7,11/4/2015
Mercedes City,35.92 lakh,71687 km,Electric,Manual,Second,Mercedes,800cc,7,12/16/2023
BMW Nexon,20.89crore,53744 km,CNG,Manual,Second,BMW,1500cc,5,4/8/2018
Honda X1,24.48thousand,108312 km,Petrol,AUTOMATIC,First,Honda,1000cc,5,7/10/2012
Honda i20,40.14 lakh,145154 km,diesel,MANUAL,Third,Honda,1500cc,6,1/27/2018
Ford City,30.55 thousand,101392 km,Petrol,Manual,First,Ford,1000cc,5,3/27/2017
Toyota i20,49.57 thousand,81011 km,CNG,Manual,Second,Toyota,800cc,7,3/23/2016
Mercedes C-Class,50.0 thousand,14323 km,Diesel,Manual,First,Mercedes,1200cc,6,11/17/2015
Toyota C-Class,6.34 thousand,64464 km,Petrol,Automatic,First,Toyota,800cc,4,12/15/2017
BMW C-Class,7.74 crore,147584 km,petrol,Automatic,Third,BMW,800cc,7,7/27/2019
Ford Swift,49.85 thousand,127961 km,cng,Automatic,Second,Ford,1200cc,6,12/20/2008
,26.68 lakh,51044 km,electric,Manual,Third,Tata,1500cc,7,3/21/2016
BMW Figo,19.25 lakh,115832 km,cng,Automatic,First,BMW,1000cc,5,9/10/2012
BMW i20,47.74 thousand,70311 km,Petrol,Manual,First,BMW,2000cc,6,9/18/2016
Ford X1,32.9 thousand,11023 km,Electric,Automatic,First,Ford,1200cc,7,8/10/2020
Ford Innova,26.88 lakh,79702 km,Diesel,Automatic,First,Ford,2000cc,6,4/9/2020
 bmw i20 ,2.29thousand,10925 km,CNG,Automatic,Second,BMW,2000cc,5,12/31/2021
Maruti C-Class,10.75 thousand,54386 km,Diesel,Automatic,Third,Maruti,800cc,6,10/4/2007
Toyota C-Class,21.31 crore,9296 km,Electric,Manual,First,Toyota,800cc,7,9/29/2011
 mercedes innova ,24.4 lakh,127603 km,Electric,Manual,Third,Mercedes,1200cc,7,5/1/2021
 mercedes nexon ,44.54 thousand,110364 km,CNG,Automatic,First,Mercedes,1000cc,6,1/14/2009
Honda Figo,30.5 crore,72658 km,Diesel,MANUAL,Third,Honda,1200cc,6,6/7/2009
Tata Innova,17.59 lakh,90500 km,electric,Manual,First,Tata,2000cc,4,4/9/2017
 ford i20 ,34.68 crore,23073 km,CNG,Manual,Second,Ford,1500cc,4,2/14/2006
 mercedes innova ,35.38 crore,43106 km,Electric,Manual,Second,Mercedes,2000cc,6,2/10/2009
BMW Innova,9.56 lakh,20785 km,Diesel,Manual,Second,BMW,2000cc,5,9/7/2013
Maruti Figo,27.03 crore,64271 km,Diesel,Manual,Second,Maruti,800cc,7,10/2/2005
 bmw x1 ,35.34 crore,95343 km,Diesel,Automatic,First,BMW,2000cc,4,7/19/2010
Ford Swift,38.73crore,146173 km,Petrol,Automatic,Second,Ford,800cc,6,2/2/2005
 toyota nexon ,13.84 lakh,46689 km,CNG,Manual,First,Toyota,2000cc,4,2/20/2010
Mercedes Swift,20.6 lakh,41446 km,CNG,Manual,Third,Mercedes,1500cc,4,8/5/2006
Toyota Swift,21.55 lakh,141027 km,Electric,AUTOMATIC,First,Toyota,1000cc,6,12/19/2014
 ford nexon ,39.71 crore,9589 km,Diesel,Manual,Second,Ford,1000cc,6,10/23/2018
Maruti Innova,8.37 lakh,114143 km,diesel,Manual,First,Maruti,1500cc,6,11/11/2005
Toyota Innova,,91283 km,CNG,Manual,Second,Toyota,1200cc,4,6/11/2005
Hyundai X1,6.32thousand,102257 km,CNG,Automatic,Second,Hyundai,2000cc,7,
Maruti Swift,24.43 thousand,53816 km,Diesel,Manual,First,Maruti,1200cc,5,8/14/2009
Toyota City,35.04 lakh,142598 km,Electric,Manual,First,Toyota,1500cc,4,11/1/2009
BMW City,28.09 crore,137576 km,Petrol,Automatic,First,BMW,1200cc,7,8/30/2015
Ford C-Class,27.38 thousand,104253 km,Petrol,Automatic,First,Ford,1500cc,6,11/26/2016
Honda C-Class,31.14 thousand,43617 km,Petrol,Automatic,Second,Honda,2000cc,5,2/21/2018
 hyundai i20 ,10.86 lakh,139999 km,Petrol,Manual,First,Hyundai,1500cc,4,12/2/2007
Honda Figo,4.34 thousand,99031 km,diesel,Manual,First,Honda,1500cc,7,3/11/2016
 bmw nexon ,34.85 crore,54834 km,diesel,Manual,First,BMW,1000cc,6,8/1/2016
 mercedes city ,34.68 thousand,148852 km,Petrol,Automatic,First,Mercedes,1500cc,6,2/16/2022
Maruti Nexon,13.32 lakh,115145 km,CNG,Automatic,Second,Maruti,1200cc,7,4/21/2007
Tata X1,34.36 lakh,107013 km,CNG,Automatic,Second,Tata,2000cc,7,7/28/2020
Maruti X1,16.06 thousand,34964 km,CNG,Automatic,Third,Maruti,2000cc,5,10/19/2021
BMW Nexon,24.76 thousand,15207 km,CNG,Manual,First,BMW,1000cc,6,12/15/2012
Mercedes Figo,21.15 crore,88024 km,Diesel,Automatic,Third,Mercedes,1500cc,6,3/27/2022
BMW Figo,18.8 thousand,81833 km,Diesel,Automatic,Second,BMW,1500cc,7,11/28/2006
Mercedes Figo,16.54 thousand,84130 km,CNG,Manual,First,Mercedes,1000cc,7,3/21/2008
Toyota Swift,37.07 lakh,121313 km,CNG,Automatic,First,Toyota,800cc,7,2/14/2006
Maruti X1,7.14crore,133163 km,Electric,Automatic,Third,Maruti,1000cc,6,3/24/2020
Mercedes Swift,41.04 lakh,51168 km,Diesel,Automatic,Third,Mercedes,1000cc,7,2/7/2020
Honda X1,39.79 crore,72088 km,CNG,MANUAL,First,Honda,800cc,4,2/27/2023
Honda Figo,44.86 lakh,129401 km,petrol,Manual,Third,Honda,1200cc,7,11/12/2012
Mercedes Figo,25.14 thousand,62374 km,electric,Manual,First,Mercedes,1200cc,4,1/15/2023
 honda innova ,39.39 thousand,137472 km,CNG,Automatic,Second,Honda,1200cc,5,1/2/2012
Tata i20,16.76 crore,80375 km,CNG,Automatic,First,Tata,2000cc,5,3/30/2017
Ford Nexon,34.16 thousand,95186 km,Electric,Automatic,Second,Ford,2000cc,4,10/7/2011
Honda Figo,18.77 lakh,67898 km,Petrol,Automatic,Second,Honda,2000cc,7,12/28/2023
BMW i20,34.29 thousand,78429 km,Petrol,Automatic,Second,BMW,1200cc,5,6/2/2018
Toyota Innova,47.86 crore,60365 km,Petrol,Manual,Second,Toyota,800cc,4,10/19/2023
Honda Figo,41.69 lakh,24923 km,Petrol,Manual,Second,Honda,1500cc,7,5/19/2014
Ford i20,26.6 crore,113572 km,cng,Manual,Second,Ford,1000cc,6,7/6/2019
 tata x1 ,19.1 thousand,145478 km,diesel,Automatic,Second,Tata,1000cc,7,3/3/2008
 toyota innova ,20.21 crore,12583 km,Diesel,Automatic,Second,Toyota,1200cc,5,1/29/2014
 honda x1 ,29.47 crore,13167 km,CNG,Automatic,Third,Honda,1000cc,7,12/11/2017
 tata nexon ,15.12 thousand,87615 km,CNG,Manual,Second,Tata,2000cc,5,1/17/2017
 tata x1 ,7.76crore,113313 km,Petrol,Manual,Third,Tata,2000cc,7,8/13/2018
BMW i20,33.14 lakh,35646 km,CNG,Automatic,First,BMW,1000cc,6,2/12/2005
Hyundai City,8.59 thousand,6940 km,Electric,Automatic,Third,Hyundai,2000cc,7,10/13/2015
Tata C-Class,20.27 thousand,11528 km,Diesel,Manual,First,Tata,1200cc,6,12/8/2005
Hyundai Nexon,25.98 crore,99141 km,Diesel,Automatic,Third,Hyundai,2000cc,5,7/12/2010
Tata City,19.15 crore,92273 km,Diesel,Automatic,First,Tata,1500cc,7,12/30/2014
Maruti Nexon,42.13 crore,99321 km,CNG,Manual,Second,Maruti,2000cc,5,10/29/2021
Ford Innova,17.92 crore,61734 km,Petrol,Automatic,Third,Ford,1500cc,7,2/5/2007
 honda c-class ,15.48 thousand,114940 km,cng,Automatic,Second,Honda,1500cc,,6/10/2023
Maruti C-Class,4.35 lakh,68696 km,cng,Manual,Second,Maruti,2000cc,7,12/26/2006
BMW City,27.76 lakh,7790 km,CNG,Automatic,Third,BMW,1500cc,7,11/25/2011
 maruti nexon ,14.11 thousand,110607 km,Diesel,Manual,First,Maruti,1000cc,4,2/14/2016
Mercedes City,4.52lakh,5830 km,Electric,AUTOMATIC,First,Mercedes,2000cc,6,6/8/2013
 mercedes figo ,9.14 thousand,140833 km,Petrol,Manual,Third,Mercedes,1500cc,4,1/24/2020
Tata Figo,4.82 crore,11219 km,Petrol,Manual,Second,Tata,1500cc,6,5/16/2005
 tata nexon ,18.55 thousand,36108 km,Electric,Automatic,Third,Tata,800cc,4,7/17/2013
 honda swift ,26.23 thousand,97754 km,Petrol,Automatic,,Honda,1500cc,6,2/22/2022
 maruti city ,48.05 thousand,86654 km,CNG,Manual,Third,Maruti,800cc,7,2/15/2019
 maruti innova ,30.33 thousand,46072 km,Electric,Manual,First,Maruti,1000cc,5,3/24/2018
BMW Swift,34.66 thousand,120537 km,Petrol,AUTOMATIC,Third,BMW,1200cc,7,11/2/2016
Hyundai X1,23.3 lakh,41392 km,diesel,Automatic,Third,Hyundai,2000cc,5,6/22/2019
 tata i20 ,20.9 lakh,140749 km,CNG,Manual,First,Tata,1500cc,5,8/8/2005
 bmw c-class ,42.48 lakh,65470 km,Electric,Manual,Third,BMW,1200cc,5,3/29/2011
Toyota Innova,33.3 lakh,139663 km,Petrol,Manual,Second,Toyota,2000cc,6,12/16/2021
Toyota Innova,24.22crore,105535 km,Diesel,MANUAL,Second,Toyota,2000cc,5,4/25/2017
Hyundai Figo,30.1 crore,121592 km,Petrol,Manual,First,Hyundai,2000cc,5,6/20/2008
Maruti Nexon,29.48 thousand,97940 km,CNG,Manual,Third,Maruti,2000cc,5,7/27/2009
Honda Figo,8.64 crore,66058 km,Diesel,Automatic,First,Honda,1000cc,6,7/13/2023
Ford Figo,22.1 thousand,140052 km,Electric,Manual,Second,Ford,1500cc,4,12/13/2016
 toyota swift ,3.62 crore,113970 km,CNG,MANUAL,First,Toyota,800cc,6,10/28/2023
Ford i20,49.15 lakh,85108 km,Diesel,Manual,Second,,1500cc,7,7/11/2014
BMW C-Class,7.88 lakh,125835 km,CNG,Automatic,Second,BMW,2000cc,6,9/11/2015
 maruti figo ,3.33 thousand,84803 km,Electric,Manual,Second,Maruti,800cc,6,8/30/2020
Hyundai Swift,15.86 thousand,147180 km,Electric,Manual,Third,Hyundai,1200cc,7,11/1/2005
 mercedes c-class ,3.13 crore,114265 km,CNG,Manual,First,Mercedes,1000cc,7,10/29/2021
 mercedes innova ,3.79 lakh,78451 km,CNG,Automatic,Second,Mercedes,1200cc,4,8/2/2020
Honda i20,13.43 lakh,24514 km,Diesel,Automatic,Second,Honda,1200cc,5,12/3/2017
Tata i20,30.71 lakh,111127 km,electric,Manual,Third,Tata,800cc,5,9/25/2009
BMW City,24.81 thousand,67915 km,Diesel,Automatic,Third,BMW,1500cc,5,11/8/2007
 hyundai c-class ,27.95lakh,38677 km,Electric,Automatic,Second,Hyundai,800cc,4,3/6/2018
Tata City,5.74lakh,132408 km,CNG,AUTOMATIC,Second,Tata,800cc,6,3/17/2023
 mercedes x1 ,49.61 crore,14373 km,Petrol,Automatic,Third,Mercedes,1000cc,5,6/18/2013
Toyota C-Class,44.06 crore,99471 km,Petrol,MANUAL,First,Toyota,1500cc,6,2/10/2006
Maruti X1,31.91 lakh,127730 km,diesel,Automatic,Second,Maruti,1200cc,6,11/12/2006
Mercedes Swift,46.43 lakh,35125 km,electric,Automatic,Second,Mercedes,1200cc,4,10/9/2021
Maruti C-Class,19.8 thousand,43543 km,Diesel,AUTOMATIC,Third,Maruti,800cc,5,4/30/2019
 maruti swift ,9.79 crore,143303 km,cng,Automatic,Third,Maruti,1200cc,7,11/26/2008
Tata Figo,12.58 lakh,100365 km,petrol,Automatic,First,Tata,1000cc,6,12/15/2005
Hyundai X1,35.11 thousand,145335 km,petrol,Manual,First,Hyundai,1200cc,6,9/3/2019
BMW i20,12.92 thousand,48244 km,Petrol,Automatic,Second,BMW,1200cc,5,5/14/2008
Tata i20,26.37 lakh,84975 km,Petrol,Automatic,Second,Tata,1000cc,6,9/1/2012
 ford figo ,6.04 thousand,109164 km,Petrol,Manual,Third,Ford,1000cc,7,9/8/2021
Mercedes i20,18.19 lakh,57927 km,petrol,Manual,Second,Mercedes,1000cc,5,2/18/2022
Toyota Figo,45.41crore,73444 km,cng,Automatic,Second,Toyota,800cc,7,1/16/2011
Tata C-Class,29.02 thousand,13063 km,Diesel,Automatic,First,Tata,1000cc,7,12/31/2022
Tata Swift,20.17 lakh,53488 km,Petrol,Manual,Second,Tata,1500cc,6,3/9/2021
Maruti Nexon,40.93thousand,42424 km,Petrol,Automatic,First,Maruti,800cc,4,3/17/2016
Honda C-Class,15.62 thousand,75229 km,CNG,Automatic,Third,Honda,1200cc,6,5/3/2018
Mercedes Innova,6.56 lakh,66684 km,cng,Automatic,Third,Mercedes,1000cc,5,11/27/2019
 bmw figo ,32.05 crore,137882 km,Diesel,Manual,First,BMW,800cc,4,4/28/2006
Mercedes C-Class,11.48 lakh,98550 km,Electric,AUTOMATIC,First,Mercedes,2000cc,5,11/10/2020
Toyota X1,10.33 thousand,109193 km,Electric,AUTOMATIC,First,Toyota,800cc,4,1/20/2011
Hyundai C-Class,49.61 crore,13068 km,Petrol,Manual,Second,Hyundai,800cc,6,1/5/2015
Toyota Swift,15.42 crore,72002 km,diesel,Manual,Second,Toyota,1200cc,7,9/3/2011
 mercedes nexon ,2.64 lakh,13514 km,Diesel,Manual,Third,Mercedes,1500cc,7,4/16/2015
Maruti C-Class,6.64 lakh,18718 km,Diesel,Automatic,First,Maruti,1000cc,4,7/7/2017
Toyota i20,20.66 lakh,117959 km,Petrol,Manual,Third,Toyota,1200cc,6,5/29/2019
 tata i20 ,22.95 crore,122081 km,Diesel,Automatic,Third,Tata,1500cc,5,2/20/2021
 tata city ,39.58 crore,83827 km,Electric,MANUAL,Second,Tata,2000cc,6,4/18/2023
Honda X1,6.15 lakh,81601 km,Electric,Manual,First,Honda,1000cc,4,12/7/2009
 ford innova ,49.14 crore,66281 km,Electric,Manual,Third,Ford,1000cc,4,6/17/2015
Tata C-Class,38.57thousand,70057 km,Petrol,Manual,Second,Tata,1200cc,6,3/25/2006
 bmw x1 ,12.31 thousand,49284 km,Diesel,Automatic,First,BMW,1500cc,6,6/25/2012
 toyota figo ,14.53 crore,113893 km,Diesel,Manual,Third,Toyota,1000cc,5,7/4/2010
Maruti Innova,11.85 thousand,68204 km,electric,Automatic,Second,Maruti,800cc,7,9/12/2005
 toyota nexon ,35.64 crore,27882 km,Petrol,Manual,First,Toyota,2000cc,5,9/12/2016
 ford innova ,3.06 thousand,87195 km,Diesel,MANUAL,Second,Ford,1500cc,5,1/5/2021
Ford Swift,35.14 crore,126000 km,electric,Automatic,Third,Ford,1200cc,4,1/11/2006
 tata x1 ,24.5 lakh,38869 km,cng,Manual,Third,Tata,2000cc,5,2/5/2005
Toyota Swift,2.68 crore,60122 km,petrol,Manual,Third,Toyota,1000cc,5,9/16/2007
Ford Nexon,45.6 thousand,100183 km,cng,Automatic,First,Ford,800cc,7,10/23/2023
 honda swift ,18.57 thousand,122743 km,petrol,Manual,Second,Honda,1000cc,5,10/18/2014
Tata X1,14.29 thousand,110447 km,Electric,Manual,Third,Tata,1500cc,6,9/20/2017
Ford C-Class,31.75 lakh,8920 km,electric,Manual,Third,Ford,2000cc,6,5/28/2011
Hyundai City,5.46 lakh,10751 km,Petrol,Automatic,Second,Hyundai,800cc,5,10/30/2008
BMW C-Class,11.27lakh,8244 km,diesel,Automatic,First,BMW,800cc,5,3/3/2021
 tata figo ,41.81 thousand,80094 km,CNG,Manual,Second,Tata,1000cc,6,10/19/2011
 tata swift ,38.01crore,15932 km,Diesel,Manual,Third,,1500cc,6,11/26/2020
BMW Swift,22.06lakh,27168 km,electric,MANUAL,Third,BMW,800cc,7,6/22/2012
Honda City,21.74 thousand,133997 km,CNG,Manual,Second,Honda,1200cc,6,12/11/2013
 mercedes figo ,14.65 crore,96300 km,Petrol,Automatic,Second,Mercedes,1200cc,7,4/25/2018
Mercedes Nexon,21.04 crore,50222 km,Diesel,Manual,Third,Mercedes,1000cc,5,4/17/2006
Maruti Figo,35.35 thousand,,Petrol,Automatic,Third,Maruti,1200cc,6,5/3/2011
Mercedes Swift,8.56 crore,39633 km,Electric,Manual,Second,Mercedes,1500cc,5,6/15/2019
 tata swift ,9.02 lakh,46587 km,CNG,Automatic,First,Tata,800cc,6,5/24/2012
 bmw c-class ,23.43 lakh,67479 km,Diesel,Manual,Second,BMW,1000cc,7,6/9/2014
Maruti C-Class,48.88 lakh,76618 km,Electric,Automatic,First,Maruti,800cc,5,12/22/2021
 toyota x1 ,18.44 crore,126149 km,petrol,Manual,First,Toyota,2000cc,6,10/6/2014
 hyundai innova ,5.96 thousand,83557 km,CNG,Manual,Third,Hyundai,1200cc,7,3/22/2011
Hyundai Figo,29.37 crore,92027 km,CNG,MANUAL,First,Hyundai,800cc,7,1/18/2008
Tata Swift,11.55 lakh,104743 km,Diesel,Automatic,Third,Tata,1500cc,7,11/26/2009
 ford i20 ,41.9 crore,110115 km,Electric,AUTOMATIC,First,Ford,1000cc,6,4/19/2013
 tata i20 ,30.55 thousand,96619 km,Petrol,Automatic,Third,Tata,1200cc,4,1/3/2021
 hyundai x1 ,46.39 lakh,7706 km,Electric,Manual,First,Hyundai,1200cc,5,11/30/2012
Mercedes City,34.91 crore,141739 km,Electric,Manual,Third,Mercedes,2000cc,5,2/8/2020
 mercedes city ,45.88 thousand,24586 km,CNG,Manual,First,Mercedes,1200cc,5,3/27/2010
 tata nexon ,6.31 lakh,25521 km,petrol,Manual,First,Tata,800cc,6,1/22/2021
Toyota C-Class,29.68 lakh,20384 km,CNG,Manual,Second,Toyota,1500cc,4,11/14/2009
 ford figo ,23.73 lakh,78295 km,Petrol,Automatic,Second,Ford,800cc,4,9/24/2008
Maruti C-Class,33.59 lakh,61397 km,Petrol,Manual,Second,Maruti,1000cc,4,7/14/2008
Toyota X1,19.31 crore,85762 km,Diesel,Manual,Third,Toyota,1200cc,7,12/13/2009
BMW C-Class,3.92 crore,122648 km,CNG,Automatic,First,BMW,1500cc,6,7/7/2015
Ford i20,10.99 thousand,55607 km,Diesel,Automatic,First,Ford,1500cc,6,10/9/2005
BMW City,47.82 lakh,75513 km,Petrol,Automatic,Third,BMW,1200cc,4,10/24/2020
 toyota city ,27.77 thousand,90261 km,electric,Manual,First,Toyota,1500cc,7,7/27/2018
Hyundai Nexon,39.08 lakh,125215 km,Petrol,Manual,First,Hyundai,1500cc,6,10/19/2006
Toyota City,2.67 lakh,129316 km,electric,Manual,Third,Toyota,1000cc,7,5/23/2014
Tata X1,28.39 crore,143144 km,Petrol,AUTOMATIC,Third,Tata,1500cc,4,1/2/2011
 bmw x1 ,7.54 crore,6279 km,Petrol,Manual,First,BMW,1500cc,5,7/6/2023
Mercedes Nexon,44.3 lakh,141691 km,Electric,Manual,Third,Mercedes,2000cc,7,7/9/2020
Tata City,10.99 thousand,105360 km,Diesel,Automatic,Second,Tata,1000cc,7,9/13/2023
Ford Nexon,48.71 crore,43323 km,cng,Manual,First,Ford,1000cc,6,5/24/2008
Tata Innova,32.32 lakh,25790 km,Diesel,Automatic,First,Tata,1500cc,7,5/10/2017
BMW C-Class,30.08 lakh,108077 km,CNG,Manual,First,BMW,1500cc,5,4/8/2012
BMW X1,30.41 lakh,123043 km,Petrol,Automatic,First,BMW,800cc,5,7/17/2012
BMW i20,18.03 thousand,112704 km,Diesel,Automatic,Third,BMW,800cc,5,9/10/2019
Mercedes Nexon,7.33 crore,46319 km,Petrol,Manual,Second,Mercedes,2000cc,4,9/13/2020
Honda Innova,39.06thousand,86520 km,Petrol,Automatic,Second,Honda,1000cc,5,12/3/2019
Mercedes i20,42.69 crore,136257 km,CNG,Automatic,First,Mercedes,1500cc,7,11/13/2013
Tata Figo,6.34 thousand,146326 km,Diesel,Automatic,First,Tata,800cc,7,4/14/2012
Tata i20,8.93 thousand,75958 km,CNG,Manual,Third,Tata,1000cc,6,1/5/2018
 honda innova ,10.38 lakh,64224 km,Diesel,Automatic,Second,Honda,1200cc,5,11/21/2016
 tata i20 ,24.85 lakh,54728 km,CNG,Automatic,First,Tata,800cc,7,6/21/2020
Ford City,33.49 thousand,121679 km,CNG,Manual,Second,Ford,,4,12/29/2006
Hyundai Innova,4.02thousand,145775 km,Diesel,Manual,First,Hyundai,800cc,5,9/4/2012
BMW i20,42.98 lakh,135524 km,CNG,Manual,Second,BMW,800cc,7,10/25/2011
 ford i20 ,34.92 crore,88653 km,Electric,Automatic,Third,Ford,2000cc,7,5/6/2007
Ford Figo,39.08 lakh,7804 km,CNG,Automatic,Second,Ford,2000cc,4,3/12/2022
Hyundai X1,18.12 crore,118457 km,Diesel,Manual,Third,Hyundai,800cc,7,9/18/2007
Tata City,28.35 thousand,146482 km,diesel,Automatic,Second,Tata,1200cc,4,4/8/2013
 bmw nexon ,29.29thousand,21577 km,Electric,Manual,Third,BMW,1500cc,4,12/12/2022
Hyundai Nexon,6.03 lakh,16424 km,Petrol,Manual,Second,Hyundai,1200cc,6,2/20/2011
BMW Swift,33.47 lakh,141378 km,Diesel,Automatic,First,BMW,2000cc,5,10/27/2008
Tata C-Class,45.32 thousand,27652 km,Petrol,Manual,First,Tata,1000cc,4,5/6/2016
Mercedes X1,19.82 lakh,61833 km,CNG,Automatic,Second,Mercedes,1000cc,7,12/17/2007
 hyundai swift ,12.81 thousand,57179 km,CNG,Manual,Third,Hyundai,800cc,6,5/28/2007
Hyundai i20,35.6 thousand,98188 km,Diesel,AUTOMATIC,Second,Hyundai,800cc,4,10/15/2005
 honda figo ,26.0 crore,86546 km,Diesel,Manual,Second,Honda,1000cc,6,4/12/2015
 mercedes innova ,39.26 thousand,112957 km,electric,Automatic,First,Mercedes,1500cc,4,1/3/2021
Honda i20,20.43 lakh,123125 km,Diesel,Manual,Second,Honda,2000cc,6,10/21/2015
 toyota x1 ,29.73 lakh,71690 km,cng,Automatic,First,Toyota,800cc,7,8/17/2013
BMW i20,26.35 crore,50687 km,electric,Manual,Second,BMW,2000cc,5,9/23/2017
Ford X1,12.2 crore,31246 km,petrol,Manual,Third,Ford,800cc,7,8/16/2020
Mercedes Nexon,42.45 lakh,8612 km,cng,Automatic,Third,Mercedes,1200cc,7,3/17/2021
 ford i20 ,24.34 crore,101286 km,Electric,Automatic,Third,Ford,800cc,5,1/22/2023
Mercedes X1,5.99 thousand,57829 km,diesel,MANUAL,Second,Mercedes,1000cc,4,12/2/2013
Ford City,11.68 lakh,9237 km,diesel,Manual,Second,Ford,2000cc,4,2/12/2013
 maruti x1 ,49.78 crore,90075 km,Petrol,Automatic,First,Maruti,1200cc,4,12/7/2022
 maruti innova ,3.46 lakh,35940 km,Diesel,Manual,Second,Maruti,1000cc,7,5/20/2015
Toyota Swift,4.09 crore,59592 km,Electric,Manual,Third,Toyota,1000cc,5,10/26/2006
Toyota City,30.7 crore,115047 km,CNG,Manual,Third,Toyota,1200cc,4,8/11/2013
 mercedes nexon ,4.49 thousand,105378 km,Electric,MANUAL,Second,Mercedes,1000cc,5,4/29/2011
Hyundai Figo,45.4 thousand,145225 km,Electric,Automatic,Second,Hyundai,1000cc,6,9/17/2021
 mercedes swift ,23.1 thousand,69694 km,Diesel,Automatic,Second,Mercedes,800cc,7,12/8/2019
Toyota City,32.84 lakh,85461 km,Electric,Manual,First,Toyota,800cc,5,3/30/2009
Ford Nexon,12.52 lakh,130527 km,CNG,Automatic,Second,Ford,1000cc,7,1/28/2012
Tata City,5.86 crore,26175 km,Diesel,Automatic,Second,Tata,2000cc,5,12/20/2021
Maruti Figo,33.29 crore,90211 km,CNG,Manual,Second,Maruti,1500cc,4,2/6/2009
Mercedes Swift,4.68 thousand,21515 km,Petrol,Manual,Third,Mercedes,800cc,4,1/14/2009
Ford C-Class,3.67 thousand,49078 km,Diesel,Automatic,First,Ford,1200cc,6,1/16/2017
 bmw innova ,43.38 lakh,35401 km,Diesel,Manual,Third,BMW,1500cc,7,8/20/2013
BMW City,28.82 lakh,89718 km,CNG,Automatic,Third,BMW,2000cc,6,11/4/2018
 hyundai figo ,37.37 crore,11954 km,CNG,Automatic,Third,Hyundai,2000cc,5,6/6/2009
Mercedes Nexon,3.36 thousand,143992 km,Electric,Manual,First,Mercedes,1000cc,5,9/20/2019
Mercedes Innova,25.88 crore,111301 km,CNG,Manual,First,Mercedes,1500cc,7,6/5/2009
Maruti i20,20.42 crore,111229 km,diesel,Automatic,Third,Maruti,1000cc,5,2/24/2007
Hyundai C-Class,16.59 crore,87008 km,Electric,Manual,Second,Hyundai,1000cc,6,11/16/2018
 ford city ,27.46 thousand,65126 km,Electric,Automatic,First,Ford,1500cc,4,10/29/2010
Tata X1,46.94crore,94581 km,Electric,Manual,Third,Tata,2000cc,6,6/21/2012
Ford C-Class,7.51 crore,93839 km,Electric,Automatic,Third,Ford,1200cc,4,4/26/2008
BMW City,2.85 thousand,107876 km,Electric,Automatic,Third,BMW,1000cc,6,7/7/2009
 hyundai swift ,14.28 lakh,129209 km,Electric,Manual,Second,Hyundai,1000cc,7,12/10/2007
 bmw c-class ,49.6 thousand,140843 km,Electric,Manual,First,BMW,2000cc,6,2/25/2015
Toyota Figo,40.3 crore,94812 km,Electric,Manual,First,Toyota,1000cc,5,12/12/2021
Tata C-Class,8.05lakh,33746 km,cng,Manual,Third,Tata,2000cc,5,6/20/2007
Toyota Nexon,9.15 thousand,8324 km,CNG,Automatic,First,Toyota,1200cc,4,10/21/2021
 bmw c-class ,2.62 crore,63319 km,CNG,Automatic,Third,BMW,1000cc,4,9/14/2019
 tata i20 ,48.48 thousand,103333 km,Diesel,Automatic,Third,Tata,1200cc,4,10/28/2008
 tata i20 ,35.41 thousand,42789 km,Petrol,Automatic,Third,Tata,2000cc,6,2/7/2008
Hyundai Swift,45.11 crore,98426 km,Diesel,Manual,First,Hyundai,1500cc,4,7/9/2009
Toyota Innova,18.92 thousand,131722 km,diesel,Automatic,Third,Toyota,1200cc,7,4/14/2016
BMW X1,9.94lakh,138671 km,petrol,Automatic,Third,BMW,1000cc,7,1/17/2006
Mercedes City,7.01 lakh,116649 km,Petrol,Manual,Third,Mercedes,800cc,5,10/30/2019
Tata Innova,27.85 lakh,85363 km,Petrol,Manual,Second,Tata,2000cc,5,12/8/2008
Maruti Nexon,19.23 crore,8465 km,CNG,MANUAL,Third,Maruti,1500cc,6,4/21/2013
Tata Figo,20.98 lakh,103276 km,Electric,Automatic,First,Tata,1200cc,6,12/28/2007
Mercedes Figo,41.45 thousand,94192 km,Electric,Manual,Third,Mercedes,1500cc,5,
Hyundai Innova,45.87 lakh,126303 km,Diesel,Manual,First,Hyundai,2000cc,5,11/18/2010
 tata i20 ,22.51 lakh,125285 km,petrol,Automatic,First,Tata,800cc,7,5/6/2015
Mercedes Nexon,10.38 thousand,12918 km,CNG,Automatic,Second,Mercedes,1000cc,5,10/2/2023
BMW Nexon,16.93thousand,112771 km,CNG,Automatic,Third,BMW,800cc,6,7/9/2018
Honda X1,4.87 lakh,80421 km,Petrol,Automatic,Third,Honda,800cc,4,7/10/2007
Maruti Nexon,11.98 lakh,14779 km,Diesel,Manual,Second,Maruti,1200cc,4,9/28/2021
Hyundai C-Class,6.91 thousand,100072 km,cng,Automatic,First,Hyundai,800cc,7,12/25/2019
Tata X1,29.78 thousand,146175 km,electric,Manual,Second,Tata,800cc,7,1/3/2007
 hyundai nexon ,18.41 crore,82287 km,CNG,MANUAL,First,Hyundai,2000cc,4,11/21/2007
 toyota nexon ,28.25 thousand,10667 km,diesel,Automatic,First,Toyota,2000cc,7,8/17/2010
Toyota City,4.24 thousand,93162 km,Diesel,Automatic,First,Toyota,2000cc,7,10/13/2023
Hyundai C-Class,40.66 thousand,107635 km,Diesel,Automatic,Second,Hyundai,1200cc,7,12/29/2014
 maruti nexon ,3.48lakh,61751 km,CNG,Manual,First,Maruti,1000cc,4,12/10/2020
BMW i20,28.61thousand,20733 km,electric,Automatic,Second,BMW,1000cc,7,12/24/2009
Honda City,39.03crore,105415 km,cng,Automatic,First,Honda,2000cc,4,7/29/2021
Mercedes Swift,10.61crore,74286 km,Petrol,Automatic,First,Mercedes,1200cc,4,8/4/2011
 honda nexon ,41.51 thousand,54639 km,petrol,Automatic,Second,Honda,1200cc,7,2/16/2015
Mercedes Nexon,26.01 thousand,119124 km,CNG,MANUAL,Second,Mercedes,1200cc,5,7/28/2010
 honda nexon ,39.09 lakh,110772 km,CNG,AUTOMATIC,Third,Honda,1500cc,7,3/9/2023
Mercedes City,33.32 crore,81439 km,petrol,Automatic,First,Mercedes,2000cc,6,4/8/2008
Toyota C-Class,9.16 lakh,107826 km,Diesel,Automatic,Second,Toyota,1500cc,5,11/4/2014
 ford swift ,30.76 lakh,64265 km,CNG,Automatic,First,Ford,1200cc,6,5/6/2019
Toyota Figo,7.87 lakh,120896 km,Petrol,Manual,Third,Toyota,2000cc,6,3/9/2023
Ford Figo,24.83 thousand,32809 km,electric,Automatic,Third,Ford,2000cc,6,4/8/2012
 tata city ,17.64 lakh,52144 km,Petrol,Manual,Third,,800cc,6,11/9/2018
Tata Innova,10.91 thousand,108338 km,Petrol,Automatic,Third,Tata,1200cc,6,11/14/2007
Mercedes City,16.01 thousand,19558 km,cng,Manual,First,Mercedes,1500cc,5,9/14/2013
 honda innova ,49.97 lakh,36804 km,Petrol,Manual,Third,Honda,2000cc,7,3/2/2018
Toyota i20,47.53 thousand,109628 km,CNG,Manual,Second,Toyota,800cc,6,8/28/2013
Hyundai i20,27.54 lakh,69666 km,Electric,Manual,First,Hyundai,1200cc,5,10/20/2015
BMW C-Class,43.28crore,9949 km,Petrol,Automatic,First,BMW,1500cc,7,7/27/2023
Mercedes City,7.49lakh,130196 km,cng,Manual,Second,Mercedes,1200cc,5,8/12/2016
Toyota Nexon,22.6 thousand,122142 km,Electric,Automatic,Third,Toyota,2000cc,4,1/3/2010
Toyota City,10.46 thousand,118503 km,Petrol,AUTOMATIC,Second,Toyota,1200cc,6,1/3/2007
 maruti i20 ,45.0 thousand,104921 km,Diesel,Automatic,Second,Maruti,1000cc,7,12/3/2013
 maruti swift ,11.19 crore,16324 km,Electric,Automatic,First,Maruti,2000cc,4,7/14/2019
Tata City,48.8 thousand,115979 km,CNG,AUTOMATIC,First,Tata,1500cc,5,6/19/2019
 mercedes i20 ,45.68 lakh,112657 km,CNG,Manual,First,Mercedes,1200cc,6,1/26/2018
Maruti Nexon,2.94 thousand,7470 km,Diesel,Automatic,First,Maruti,800cc,6,10/16/2006
 mercedes c-class ,15.45 crore,45188 km,Diesel,Manual,First,Mercedes,2000cc,6,6/4/2007
 honda nexon ,13.27lakh,105873 km,CNG,Automatic,Third,Honda,800cc,5,6/10/2012
Tata Swift,7.3 crore,27081 km,Petrol,Manual,Second,Tata,,7,12/3/2013
Tata City,5.08 thousand,145830 km,Diesel,Manual,Third,Tata,1000cc,4,2/23/2018
 tata innova ,38.85 lakh,41739 km,Electric,Manual,Third,Tata,1500cc,7,6/22/2009
 honda figo ,27.78crore,20185 km,petrol,Automatic,Third,Honda,1000cc,6,11/2/2021
Mercedes i20,23.28 thousand,105324 km,electric,Manual,First,Mercedes,2000cc,4,2/1/2010
Maruti X1,16.09 lakh,136472 km,Diesel,Manual,Third,Maruti,1000cc,6,5/14/2012
Ford X1,44.17 crore,38438 km,Diesel,Manual,First,Ford,1500cc,4,7/14/2019
BMW Figo,39.69 thousand,121424 km,Petrol,Automatic,Third,BMW,2000cc,4,2/17/2008
 toyota c-class ,,110734 km,Diesel,,Third,Toyota,2000cc,5,1/4/2008
 hyundai city ,22.73 lakh,20653 km,CNG,Automatic,Second,Hyundai,2000cc,5,5/18/2022
 ford x1 ,39.46 lakh,11698 km,Electric,Manual,Second,Ford,800cc,5,6/1/2007
 hyundai nexon ,33.54 thousand,31659 km,CNG,Manual,Third,Hyundai,1000cc,5,1/6/2019
Honda C-Class,10.9 thousand,149125 km,Petrol,Manual,First,Honda,1500cc,5,9/18/2010
 mercedes city ,4.17 thousand,58198 km,cng,Automatic,Third,Mercedes,800cc,4,3/9/2015
Tata Innova,48.98 lakh,79623 km,electric,Automatic,Third,Tata,2000cc,4,7/1/2018
Maruti City,47.67 thousand,64164 km,Electric,Manual,Second,Maruti,800cc,4,12/10/2007
Mercedes C-Class,30.26 crore,127724 km,Electric,Manual,Third,Mercedes,1200cc,4,9/4/2019
BMW C-Class,44.5 lakh,124613 km,Electric,Automatic,First,BMW,1500cc,6,3/5/2023
 ford x1 ,4.45 lakh,80499 km,petrol,Manual,Third,Ford,1200cc,5,4/11/2013
BMW X1,19.16 thousand,41330 km,petrol,Manual,Second,BMW,2000cc,4,8/2/2007
 tata c-class ,46.24thousand,137202 km,Electric,MANUAL,Third,Tata,2000cc,6,11/27/2008
Mercedes Swift,18.19 crore,,Diesel,AUTOMATIC,Third,Mercedes,1200cc,7,1/8/2018
Ford X1,34.71 thousand,75865 km,CNG,Automatic,First,Ford,1000cc,6,1/9/2012
BMW City,10.23 lakh,145742 km,petrol,Automatic,Second,BMW,2000cc,6,2/15/2020
Honda i20,9.12 thousand,53529 km,electric,Manual,Second,Honda,800cc,7,12/11/2019
 tata swift ,27.23 crore,14310 km,CNG,Automatic,First,Tata,1000cc,6,10/26/2018
Tata City,44.43 thousand,48455 km,Diesel,Automatic,Third,Tata,1000cc,5,12/27/2022
Honda X1,6.74 thousand,92870 km,cng,MANUAL,First,Honda,1200cc,4,7/20/2016
BMW X1,32.76 crore,85286 km,CNG,Manual,First,BMW,1000cc,5,5/22/2005
 bmw city ,23.67 thousand,99172 km,Electric,Automatic,Third,BMW,1000cc,5,10/24/2014
Honda Innova,32.27 crore,49819 km,CNG,Manual,Third,Honda,800cc,6,9/9/2022
Hyundai Innova,23.89 lakh,7480 km,Diesel,Automatic,Third,Hyundai,2000cc,6,3/1/2018
Hyundai City,13.11 lakh,73687 km,Petrol,Automatic,First,Hyundai,800cc,7,12/23/2022
BMW Innova,27.7 crore,122945 km,Electric,AUTOMATIC,Second,BMW,2000cc,4,8/9/2005
 toyota swift ,43.76 lakh,33346 km,Diesel,Manual,Second,Toyota,1500cc,5,10/6/2017
Honda C-Class,3.8 crore,99106 km,petrol,Manual,Second,Honda,1000cc,6,7/17/2008
 ford innova ,23.55lakh,25254 km,Diesel,Automatic,Second,Ford,1200cc,6,3/23/2018
Tata C-Class,15.54 thousand,133328 km,Electric,Manual,Second,Tata,800cc,7,5/16/2020
 honda x1 ,5.49 thousand,125917 km,Petrol,AUTOMATIC,Second,Honda,1200cc,4,6/4/2016
Maruti i20,19.64 crore,35847 km,Diesel,Manual,,Maruti,800cc,5,4/16/2013
 hyundai city ,23.08 lakh,80994 km,Petrol,Automatic,First,Hyundai,1000cc,6,4/6/2016
Mercedes Innova,8.38 crore,92296 km,Petrol,Automatic,,Mercedes,2000cc,4,6/20/2014
 honda x1 ,47.43 thousand,15136 km,Electric,Automatic,Second,Honda,800cc,5,3/24/2013
Toyota C-Class,17.44 crore,116107 km,Diesel,Automatic,Third,Toyota,1000cc,5,6/24/2015
 ford i20 ,6.07 crore,131066 km,electric,Automatic,Second,Ford,1500cc,5,5/17/2005
Hyundai Figo,8.08 lakh,133671 km,cng,Manual,Second,Hyundai,1500cc,4,11/1/2012
Maruti C-Class,21.85 thousand,85880 km,Diesel,Manual,First,Maruti,800cc,4,8/9/2006
Hyundai City,45.22 thousand,98999 km,Petrol,Manual,Third,Hyundai,800cc,5,9/26/2020
Ford Nexon,47.88 thousand,18464 km,Electric,Automatic,First,Ford,1500cc,4,12/15/2013
 honda city ,38.92 thousand,144773 km,diesel,Automatic,Third,Honda,1200cc,4,11/21/2018
 toyota c-class ,38.59 thousand,23673 km,Diesel,AUTOMATIC,First,Toyota,1200cc,5,5/11/2013
Hyundai X1,33.31thousand,28360 km,Diesel,Manual,Third,Hyundai,2000cc,6,11/30/2014
Toyota X1,20.76 crore,5781 km,Electric,Automatic,Third,Toyota,1000cc,7,11/6/2018
Mercedes C-Class,39.51 crore,146627 km,Electric,Automatic,Third,Mercedes,1500cc,7,2/23/2014
Ford Swift,29.36crore,26327 km,Electric,Automatic,Third,Ford,1000cc,7,4/29/2023
Honda X1,7.16 thousand,102726 km,electric,Manual,Third,Honda,1000cc,4,3/21/2014
 hyundai c-class ,24.44 lakh,49858 km,CNG,Automatic,First,Hyundai,2000cc,4,10/27/2015
Ford Nexon,16.38 crore,131466 km,CNG,Automatic,Second,Ford,1000cc,5,5/22/2017
Ford C-Class,22.62 lakh,19499 km,Diesel,Automatic,Second,Ford,2000cc,7,4/24/2018
Honda C-Class,7.41 lakh,121346 km,petrol,Automatic,First,Honda,2000cc,7,3/3/2005
Toyota Nexon,47.87 lakh,146246 km,petrol,Manual,First,Toyota,800cc,6,8/28/2007
BMW Innova,4.71 crore,54847 km,CNG,AUTOMATIC,First,BMW,1200cc,5,7/12/2023
 toyota nexon ,49.19lakh,87470 km,Electric,Manual,First,Toyota,800cc,7,7/30/2012
 ford innova ,13.44 crore,142472 km,Electric,Automatic,First,Ford,1200cc,4,7/4/2017
Maruti i20,14.37 crore,115515 km,CNG,Automatic,Second,Maruti,1500cc,7,10/29/2012
BMW C-Class,38.56 lakh,102431 km,CNG,Automatic,Third,BMW,1000cc,4,1/28/2005
BMW Innova,30.05 lakh,42355 km,Diesel,Manual,Second,BMW,1500cc,7,4/6/2021
Hyundai X1,36.35 crore,100984 km,petrol,Manual,Second,Hyundai,800cc,6,3/25/2009
Mercedes X1,39.3 lakh,78064 km,CNG,Automatic,Third,Mercedes,1200cc,,8/20/2005
BMW Nexon,44.03 crore,114228 km,diesel,Manual,Second,BMW,1500cc,7,11/29/2006
Toyota Nexon,25.7 crore,136234 km,Diesel,Manual,Third,Toyota,2000cc,5,12/26/2021
 ford figo ,34.04 crore,91794 km,Petrol,Manual,First,Ford,1200cc,5,3/2/2018
 bmw figo ,20.64 lakh,103270 km,Electric,Manual,First,BMW,1200cc,6,5/10/2022
BMW City,41.92 lakh,147339 km,Diesel,Automatic,Third,BMW,2000cc,7,1/12/2009
BMW i20,22.4 crore,53871 km,Electric,Automatic,First,BMW,2000cc,5,3/21/2022
Hyundai Swift,34.77 lakh,120433 km,CNG,Automatic,Third,Hyundai,800cc,4,10/10/2012
 tata swift ,30.14 thousand,30134 km,Petrol,Automatic,First,Tata,1500cc,7,4/29/2008
BMW X1,32.08 thousand,106417 km,Electric,Automatic,Second,BMW,1500cc,6,11/13/2012
 tata nexon ,7.42 lakh,95637 km,electric,Automatic,Third,Tata,800cc,4,8/4/2022
 honda innova ,21.45 thousand,90029 km,CNG,Automatic,First,Honda,800cc,5,5/27/2018
BMW Swift,14.23 lakh,110896 km,Diesel,Manual,Third,BMW,2000cc,6,10/19/2018
 mercedes nexon ,38.58 crore,94959 km,petrol,Manual,Second,Mercedes,1200cc,6,8/24/2006
Toyota X1,2.98 thousand,50447 km,diesel,,Second,Toyota,1000cc,5,10/17/2016
Toyota City,26.86 lakh,10927 km,Electric,Automatic,Second,Toyota,2000cc,6,2/4/2017
 mercedes nexon ,15.67 lakh,102085 km,Electric,Manual,First,Mercedes,800cc,4,9/7/2011
Mercedes Innova,18.66 crore,98303 km,Petrol,Manual,Third,Mercedes,1500cc,4,11/16/2019
Hyundai i20,47.66thousand,147566 km,Diesel,Manual,Second,Hyundai,1200cc,4,2/9/2023
Mercedes X1,39.11 crore,53531 km,Electric,Automatic,First,Mercedes,1500cc,4,11/30/2019
 tata city ,8.01 lakh,144760 km,Diesel,Manual,First,Tata,2000cc,6,8/30/2011
BMW Nexon,12.43 thousand,84855 km,CNG,Manual,Third,BMW,1200cc,7,9/25/2019
BMW Figo,42.61 crore,15416 km,CNG,Automatic,Third,BMW,1500cc,6,9/11/2006
 mercedes c-class ,26.94 thousand,78560 km,Petrol,Automatic,Third,Mercedes,1000cc,4,3/7/2017
Mercedes i20,41.03 lakh,29058 km,Petrol,Manual,First,Mercedes,1500cc,7,5/25/2006
Honda City,23.06 crore,38095 km,Electric,Manual,Third,Honda,1200cc,4,10/11/2005
 ford innova ,37.03 crore,14528 km,Diesel,Automatic,Second,Ford,2000cc,7,11/11/2021
Maruti Nexon,24.79 lakh,22260 km,CNG,AUTOMATIC,Second,Maruti,1200cc,6,7/31/2013
Ford City,31.65 crore,71888 km,diesel,Manual,Second,Ford,2000cc,4,11/17/2017
Toyota X1,14.96 crore,83428 km,Petrol,Automatic,First,Toyota,2000cc,6,5/7/2020
Tata Innova,49.41 thousand,55003 km,CNG,Automatic,First,Tata,800cc,5,12/27/2018
Hyundai City,41.63 lakh,41371 km,Electric,Manual,Third,Hyundai,2000cc,5,8/4/2016
 maruti city ,21.36thousand,88698 km,Petrol,Automatic,First,Maruti,2000cc,5,1/4/2012
Mercedes Nexon,5.17lakh,145782 km,CNG,Manual,Third,Mercedes,1000cc,6,1/20/2020
 toyota city ,33.55 lakh,65025 km,Petrol,AUTOMATIC,First,Toyota,1200cc,6,5/20/2015
 toyota i20 ,37.73 lakh,84656 km,Electric,Manual,First,Toyota,1000cc,5,10/31/2017
 bmw city ,26.6 thousand,147609 km,Diesel,Manual,Second,BMW,2000cc,4,9/2/2008
BMW City,41.59 thousand,114772 km,Diesel,Manual,Second,BMW,800cc,7,6/18/2022
 bmw swift ,49.49 thousand,147452 km,Diesel,AUTOMATIC,First,BMW,1200cc,4,12/13/2022
 ford swift ,17.93 crore,35809 km,Electric,Automatic,Second,Ford,2000cc,7,3/2/2022
 tata figo ,38.59 thousand,134501 km,Electric,Automatic,Second,Tata,1000cc,7,10/6/2016
 bmw innova ,13.98 crore,109504 km,cng,Manual,Second,BMW,2000cc,5,8/13/2020
 mercedes nexon ,10.84 thousand,120893 km,Electric,Manual,First,Mercedes,2000cc,4,2/20/2023
Maruti i20,36.05 crore,24039 km,CNG,Manual,Second,Maruti,1000cc,6,2/15/2010
 tata c-class ,38.73 lakh,47471 km,Electric,AUTOMATIC,First,Tata,1500cc,4,8/11/2015
Hyundai City,26.74 crore,128065 km,diesel,Automatic,Second,Hyundai,2000cc,6,6/17/2005
Hyundai Swift,27.52 crore,78516 km,CNG,Manual,Second,Hyundai,1000cc,5,11/22/2009
 ford x1 ,30.53lakh,32291 km,CNG,Manual,Second,Ford,1000cc,7,9/5/2006
 honda x1 ,47.16 lakh,42301 km,Diesel,AUTOMATIC,First,Honda,2000cc,5,2/28/2020
 maruti figo ,27.87 thousand,12260 km,Diesel,Manual,First,Maruti,1500cc,6,11/26/2012
Tata Nexon,34.93 lakh,103330 km,CNG,Automatic,Second,Tata,1000cc,4,11/17/2022
Honda Nexon,27.47 thousand,109550 km,Diesel,Automatic,Third,Honda,1200cc,5,5/15/2021
 honda c-class ,49.24 thousand,139410 km,Petrol,Automatic,First,Honda,2000cc,6,10/1/2008
 hyundai innova ,35.6 lakh,63323 km,Petrol,MANUAL,Second,Hyundai,800cc,6,11/8/2008
Hyundai Innova,32.36 lakh,65631 km,CNG,Automatic,Third,Hyundai,800cc,6,4/22/2019
 honda c-class ,24.24 thousand,24436 km,electric,Automatic,Third,Honda,800cc,4,10/5/2005
Ford i20,15.35 lakh,50738 km,CNG,Manual,Third,Ford,2000cc,4,11/6/2012
Mercedes Swift,6.15 crore,32751 km,Petrol,Automatic,First,Mercedes,1200cc,4,12/16/2014
Honda City,18.24 crore,92955 km,CNG,Automatic,Third,Honda,2000cc,5,8/13/2017
Ford Innova,10.02 thousand,136253 km,CNG,Automatic,Third,Ford,800cc,4,4/9/2007
Tata Figo,46.43 crore,67515 km,Diesel,Manual,First,Tata,2000cc,6,6/23/2012
Hyundai City,9.15 crore,136586 km,Petrol,Automatic,First,Hyundai,800cc,6,6/27/2023
Tata Nexon,47.88 lakh,98229 km,CNG,Automatic,Third,Tata,800cc,4,5/30/2015
Maruti Nexon,44.38 crore,117373 km,CNG,Automatic,Second,Maruti,2000cc,4,12/30/2019
BMW i20,27.98 lakh,113687 km,Electric,Manual,Second,BMW,1000cc,7,3/23/2013
Hyundai Nexon,37.33 crore,84556 km,Diesel,Automatic,Third,Hyundai,800cc,7,5/22/2007
 ford x1 ,34.36 lakh,28999 km,electric,Automatic,First,Ford,1200cc,4,2/8/2015
Honda Nexon,26.76 crore,19480 km,Diesel,Automatic,Second,Honda,800cc,4,11/24/2020
Ford Innova,46.28 lakh,123008 km,CNG,Automatic,Third,Ford,1000cc,5,11/17/2005
Toyota X1,8.59 lakh,31639 km,Electric,Manual,Second,Toyota,1000cc,6,6/4/2007
 honda city ,36.8 lakh,20086 km,CNG,Automatic,Third,Honda,1200cc,5,6/9/2017
Hyundai Swift,25.35 lakh,130878 km,Electric,Automatic,Second,Hyundai,2000cc,4,9/9/2020
 maruti nexon ,17.5 lakh,116437 km,cng,MANUAL,First,Maruti,1500cc,4,4/8/2019
Hyundai X1,28.48 thousand,126503 km,cng,Automatic,First,Hyundai,1500cc,5,6/28/2011
Honda i20,9.78 thousand,123783 km,Petrol,Automatic,Third,Honda,1500cc,4,6/21/2020
Tata Swift,39.26 lakh,73542 km,Electric,Automatic,Third,Tata,2000cc,7,12/11/2005
Maruti Swift,46.61thousand,148353 km,Electric,Automatic,First,Maruti,1200cc,4,7/18/2007
 toyota x1 ,28.03 lakh,103169 km,Petrol,Manual,Second,Toyota,1500cc,4,6/12/2010
BMW Nexon,22.05 thousand,118253 km,diesel,Automatic,First,BMW,2000cc,6,2/27/2005
 maruti nexon ,23.56thousand,80175 km,CNG,Manual,First,Maruti,1200cc,7,7/19/2016
 bmw x1 ,9.33 lakh,146935 km,Petrol,Automatic,First,BMW,1200cc,6,3/15/2019
 tata x1 ,25.53 lakh,61010 km,Petrol,Automatic,Third,Tata,2000cc,5,12/11/2020
 hyundai figo ,38.44 lakh,84748 km,electric,Automatic,Second,Hyundai,1200cc,6,8/31/2009
 hyundai c-class ,13.47 lakh,10944 km,Petrol,Manual,First,Hyundai,1000cc,4,4/15/2009
Toyota i20,8.73 crore,99413 km,Petrol,Automatic,Second,Toyota,1500cc,7,4/7/2022
BMW Nexon,28.35 thousand,143377 km,Electric,Manual,Third,BMW,2000cc,5,4/12/2012
 toyota innova ,23.26 lakh,144124 km,Electric,AUTOMATIC,Third,Toyota,1200cc,6,5/15/2020
Ford i20,41.71 lakh,97024 km,Petrol,MANUAL,First,Ford,2000cc,7,12/13/2011
 honda nexon ,41.82 lakh,125312 km,Diesel,Automatic,First,Honda,1000cc,5,11/24/2020
Maruti Figo,23.5 lakh,122285 km,Diesel,Automatic,Second,Maruti,1000cc,5,2/23/2020
 hyundai i20 ,3.99crore,43381 km,Electric,Manual,Third,Hyundai,2000cc,5,12/21/2015
Honda Figo,43.21 crore,39840 km,Diesel,MANUAL,Third,Honda,800cc,4,10/29/2012
BMW X1,2.85 thousand,41389 km,Electric,Automatic,First,BMW,1500cc,7,5/28/2017
 honda x1 ,49.25 lakh,57100 km,Electric,Automatic,Third,Honda,1200cc,6,7/28/2014
 honda city ,36.63 thousand,81304 km,Diesel,Manual,Third,Honda,1500cc,6,11/16/2013
Toyota Figo,7.08 lakh,131584 km,CNG,Automatic,,Toyota,1500cc,5,4/26/2013
Maruti Figo,24.59lakh,46170 km,Electric,Automatic,Second,Maruti,2000cc,6,10/1/2005
 bmw i20 ,31.63thousand,65321 km,CNG,Automatic,First,BMW,2000cc,7,6/19/2008
Hyundai Swift,27.21 thousand,28048 km,Petrol,Automatic,First,Hyundai,1500cc,6,6/15/2015
 toyota swift ,27.53 crore,43014 km,Petrol,Automatic,First,Toyota,800cc,5,11/8/2019
 maruti figo ,18.2 thousand,106736 km,petrol,Manual,Third,Maruti,1000cc,7,7/14/2012
 hyundai figo ,38.74 lakh,24958 km,CNG,Manual,First,Hyundai,1200cc,7,3/23/2006
Hyundai C-Class,13.62 crore,77342 km,Petrol,Manual,Third,Hyundai,2000cc,5,8/8/2017
Toyota X1,7.54 lakh,131623 km,Diesel,Manual,Second,Toyota,800cc,5,1/18/2009
 honda figo ,20.97 thousand,100844 km,Electric,MANUAL,Third,Honda,2000cc,4,1/30/2016
 honda i20 ,34.09 thousand,141263 km,Diesel,MANUAL,Third,Honda,1200cc,7,8/30/2018
 maruti city ,5.6 crore,80277 km,Petrol,Manual,Third,Maruti,800cc,4,10/4/2010
Mercedes Nexon,17.3thousand,75196 km,Petrol,Automatic,Second,Mercedes,2000cc,6,10/8/2005
Toyota Swift,45.65 thousand,64679 km,Diesel,Automatic,First,Toyota,800cc,7,7/22/2023
BMW Figo,11.62 lakh,25437 km,CNG,Automatic,Second,BMW,1200cc,5,1/3/2005
Maruti Innova,23.49 crore,49352 km,,Automatic,First,Maruti,800cc,6,4/10/2009
BMW Figo,21.47 thousand,91551 km,Petrol,Manual,Third,BMW,1000cc,6,3/25/2008
 tata i20 ,37.04 lakh,64908 km,Diesel,Automatic,First,Tata,1500cc,4,9/22/2007
Ford Innova,18.59 thousand,83096 km,CNG,Automatic,Second,Ford,1000cc,5,2/12/2010
Tata C-Class,25.39 thousand,62205 km,CNG,Automatic,Second,Tata,1200cc,6,10/10/2008
Maruti Figo,3.1 thousand,49993 km,Diesel,Manual,First,Maruti,2000cc,4,3/3/2021
Honda Innova,16.85 thousand,18097 km,petrol,,Third,Honda,1500cc,7,7/9/2022
Ford Figo,36.63 crore,117908 km,Diesel,Automatic,Third,Ford,2000cc,5,7/12/2014
BMW i20,3.4 thousand,127152 km,Petrol,Automatic,Third,BMW,1000cc,7,3/7/2018
 toyota figo ,28.87 crore,59747 km,diesel,Manual,Third,Toyota,1500cc,5,2/28/2006
BMW i20,36.35 lakh,107251 km,petrol,Automatic,First,BMW,1500cc,5,4/25/2006
 ford innova ,15.79thousand,41273 km,electric,Automatic,Third,Ford,2000cc,4,7/24/2014
 ford i20 ,7.0 lakh,68798 km,electric,Manual,First,Ford,1000cc,4,10/9/2014
Hyundai i20,5.44 crore,39878 km,Petrol,Manual,Second,Hyundai,2000cc,5,6/21/2013
 tata c-class ,22.64thousand,132154 km,Diesel,Automatic,Third,Tata,1000cc,6,3/8/2011
Ford Swift,9.82 thousand,90989 km,Electric,Automatic,Third,Ford,800cc,7,4/8/2006
Honda Innova,13.02lakh,76775 km,diesel,Automatic,Second,Honda,800cc,5,5/27/2013
 hyundai c-class ,29.79thousand,27723 km,CNG,Automatic,Second,Hyundai,1000cc,4,8/29/2008
BMW C-Class,45.77 thousand,108172 km,Electric,Automatic,Third,BMW,800cc,4,7/2/2008
Tata City,18.79 lakh,23923 km,petrol,Manual,Third,Tata,1000cc,5,3/30/2012
Hyundai Figo,17.49thousand,56611 km,Petrol,Automatic,Third,Hyundai,2000cc,6,3/2/2009
Ford X1,33.02 crore,83659 km,Petrol,Automatic,Third,Ford,800cc,6,8/3/2005
Tata Swift,24.1 crore,63367 km,Diesel,Manual,Third,Tata,2000cc,7,6/1/2013
 maruti innova ,33.02 lakh,24308 km,cng,AUTOMATIC,Second,Maruti,2000cc,5,9/3/2023
Honda Figo,11.25 thousand,122319 km,Electric,Manual,Third,Honda,1200cc,4,5/9/2022
BMW Figo,35.58 thousand,27877 km,Electric,Automatic,Second,BMW,2000cc,6,12/30/2016
 mercedes city ,25.75 thousand,5246 km,Diesel,Manual,First,Mercedes,1200cc,7,11/9/2014
 bmw city ,17.65 thousand,103340 km,Diesel,Manual,Third,BMW,1200cc,5,4/13/2019
Mercedes X1,49.81 lakh,120826 km,Petrol,Automatic,Second,Mercedes,1500cc,5,9/15/2010
 toyota innova ,11.11 lakh,21133 km,CNG,Manual,Third,Toyota,2000cc,5,6/11/2010
Tata City,6.21crore,47781 km,Diesel,Automatic,Second,Tata,1500cc,7,7/1/2005
Ford X1,47.79 crore,18349 km,Petrol,Automatic,First,Ford,800cc,4,1/9/2013
BMW Nexon,25.2 crore,117413 km,CNG,Manual,First,BMW,1200cc,7,2/18/2012
Honda Nexon,43.61lakh,83289 km,Diesel,Manual,First,Honda,1000cc,4,2/20/2006
Hyundai City,31.21 crore,68255 km,Diesel,Automatic,Second,Hyundai,2000cc,5,12/4/2007
Tata C-Class,47.97 crore,91041 km,electric,Manual,First,Tata,1500cc,6,11/6/2013
 hyundai nexon ,23.25 crore,104745 km,electric,Automatic,Second,Hyundai,800cc,7,1/3/2015
Maruti Nexon,31.46 crore,138900 km,Diesel,Manual,First,Maruti,1000cc,7,7/19/2018
 toyota city ,45.81 thousand,76362 km,electric,Manual,Third,Toyota,1200cc,4,7/2/2013
Ford i20,21.63 crore,25865 km,Electric,Manual,First,Ford,1000cc,7,12/17/2007
BMW i20,5.12 crore,140748 km,Diesel,Automatic,Second,BMW,2000cc,7,7/7/2016
Hyundai Figo,25.16 lakh,76983 km,Diesel,MANUAL,Second,Hyundai,2000cc,5,6/6/2016
 toyota i20 ,7.65 lakh,90882 km,Petrol,Manual,Second,Toyota,1000cc,5,2/7/2011
Mercedes Figo,46.1 crore,121314 km,Petrol,Manual,Third,Mercedes,1200cc,7,11/1/2014
 tata c-class ,27.34 thousand,133917 km,CNG,MANUAL,First,Tata,2000cc,6,9/10/2011
 tata x1 ,7.41 lakh,58089 km,Petrol,Automatic,Third,Tata,1200cc,5,4/14/2020
BMW Innova,19.4 crore,28112 km,petrol,Manual,Second,BMW,1200cc,5,11/23/2007
Tata i20,48.57lakh,82811 km,Diesel,Manual,First,Tata,1200cc,7,1/12/2011
Hyundai Nexon,11.08 lakh,148901 km,Petrol,Automatic,First,Hyundai,2000cc,4,6/17/2014
Mercedes i20,33.03 thousand,113895 km,Diesel,Manual,First,Mercedes,800cc,4,1/11/2008
Mercedes X1,34.19 crore,102502 km,Electric,Manual,Third,Mercedes,800cc,4,11/24/2013
Tata Nexon,26.47 crore,116144 km,Diesel,Automatic,Third,Tata,800cc,6,10/23/2009
,27.81 thousand,132762 km,Electric,Manual,First,Mercedes,2000cc,4,3/4/2015
BMW C-Class,36.67thousand,91545 km,Electric,Automatic,First,BMW,2000cc,6,8/16/2017
Mercedes City,25.87 crore,33633 km,Electric,Manual,Second,Mercedes,800cc,4,7/7/2022
Hyundai Figo,39.29thousand,14096 km,diesel,MANUAL,First,Hyundai,800cc,6,7/6/2022
Honda City,7.2 thousand,32105 km,diesel,Manual,First,Honda,1200cc,5,7/1/2021
 toyota innova ,34.07 crore,20842 km,Petrol,Manual,First,Toyota,1000cc,5,4/6/2021
 ford city ,37.97 crore,55023 km,cng,Automatic,Second,Ford,1200cc,5,3/18/2021
 hyundai swift ,36.75 crore,46476 km,Electric,Automatic,First,Hyundai,2000cc,5,12/26/2012
Toyota Innova,49.14 thousand,99088 km,CNG,MANUAL,Second,Toyota,1500cc,5,8/20/2011
BMW C-Class,36.27 crore,79889 km,Diesel,Automatic,Third,BMW,1500cc,5,12/17/2023
Maruti C-Class,36.61 thousand,8937 km,Diesel,Manual,Third,Maruti,800cc,5,6/28/2015
Mercedes City,5.69 crore,126433 km,petrol,Automatic,Third,Mercedes,1200cc,5,6/5/2008
 hyundai figo ,47.88 crore,17217 km,Petrol,Manual,Second,Hyundai,1000cc,5,8/14/2019
Honda X1,36.42 thousand,98290 km,petrol,Automatic,Third,Honda,1500cc,,5/21/2011
Tata Innova,19.82 lakh,36950 km,Petrol,AUTOMATIC,Third,Tata,800cc,7,2/7/2009
 toyota innova ,27.97 lakh,83051 km,CNG,Automatic,Second,Toyota,2000cc,6,9/23/2020
Ford Figo,45.86 crore,43318 km,Electric,Manual,First,Ford,2000cc,4,6/12/2008
Honda Innova,33.14 lakh,82030 km,Electric,Automatic,First,Honda,1500cc,5,11/25/2016
 ford swift ,39.22 crore,34713 km,Electric,AUTOMATIC,Third,Ford,800cc,7,10/16/2015
Toyota Swift,41.41 lakh,41627 km,CNG,Manual,First,Toyota,800cc,5,8/19/2017
Ford Swift,7.61 thousand,13109 km,CNG,Automatic,First,Ford,800cc,7,12/24/2020
Mercedes Swift,7.27 lakh,146961 km,Diesel,Manual,Second,Mercedes,1500cc,5,7/26/2018
Hyundai i20,7.45 lakh,143683 km,CNG,Manual,Second,Hyundai,2000cc,4,8/12/2019
Honda Swift,11.13 thousand,116316 km,CNG,Automatic,First,Honda,1200cc,6,10/21/2005
Honda City,7.0 lakh,102619 km,Electric,Manual,First,Honda,800cc,6,4/8/2009
 ford city ,15.47 lakh,38778 km,petrol,Automatic,Second,Ford,800cc,6,2/3/2005
Ford i20,31.2 lakh,12260 km,Diesel,Manual,First,Ford,800cc,5,2/25/2006
Ford Swift,28.88crore,32742 km,Electric,Automatic,First,Ford,1200cc,4,10/22/2011
Maruti C-Class,19.01 lakh,90213 km,cng,Automatic,First,Maruti,2000cc,6,11/11/2016
Hyundai C-Class,16.74 thousand,50948 km,Electric,Automatic,Third,Hyundai,1000cc,4,10/8/2006
 honda nexon ,34.77 thousand,72325 km,Petrol,Automatic,Second,Honda,800cc,5,10/5/2023
Maruti Figo,48.45 thousand,114017 km,Electric,Automatic,Third,Maruti,1500cc,7,7/15/2022
 ford city ,49.55crore,51798 km,Petrol,Automatic,Third,Ford,2000cc,7,1/3/2016
Toyota C-Class,49.23 thousand,68195 km,CNG,Automatic,First,Toyota,2000cc,4,1/27/2014
Maruti Nexon,9.43 thousand,14036 km,CNG,Automatic,Third,Maruti,1200cc,4,10/23/2009
 hyundai innova ,40.75 crore,77490 km,Electric,Automatic,Third,Hyundai,2000cc,7,4/9/2011
 hyundai city ,49.15 lakh,35756 km,Diesel,Automatic,Second,Hyundai,1000cc,5,1/5/2014
Tata Innova,32.82 crore,11785 km,diesel,Manual,Second,Tata,1000cc,4,11/9/2019
Toyota City,22.58 thousand,139878 km,Electric,Manual,Third,Toyota,1500cc,5,7/20/2020
 bmw i20 ,11.9thousand,6296 km,cng,Manual,Second,BMW,1500cc,6,6/3/2022
 tata i20 ,7.04 thousand,139326 km,Diesel,Manual,Third,Tata,2000cc,6,10/18/2020
Hyundai i20,8.71 lakh,124860 km,cng,Automatic,Second,Hyundai,1500cc,6,9/13/2019
Toyota X1,26.06 crore,56877 km,diesel,Manual,Third,Toyota,1500cc,4,1/16/2023
 toyota swift ,13.08 crore,149358 km,Petrol,Automatic,First,Toyota,1500cc,5,9/14/2006
Mercedes X1,46.95 crore,14040 km,Petrol,Automatic,First,Mercedes,800cc,6,2/8/2016
BMW C-Class,13.18 crore,125688 km,Diesel,AUTOMATIC,Third,BMW,1000cc,6,4/9/2009
Toyota Swift,10.59 thousand,91954 km,Petrol,Manual,Third,Toyota,1200cc,5,1/17/2011
Mercedes Innova,14.88 crore,101203 km,Electric,Manual,First,Mercedes,800cc,6,3/5/2008
Maruti X1,13.04 crore,92617 km,Petrol,Automatic,Third,Maruti,800cc,6,7/18/2016
Mercedes i20,42.05crore,100735 km,Electric,AUTOMATIC,First,Mercedes,800cc,6,11/1/2019
Mercedes Swift,13.28 crore,96637 km,CNG,Manual,Third,Mercedes,1200cc,4,6/15/2008
Mercedes Figo,2.57 crore,22209 km,electric,Manual,Third,Mercedes,1500cc,7,10/22/2023
Ford C-Class,29.81 thousand,137072 km,diesel,Automatic,Third,Ford,1000cc,7,4/16/2016
Maruti Innova,5.11 thousand,105482 km,Electric,Manual,Third,Maruti,2000cc,5,12/16/2017
Hyundai Nexon,14.44 crore,34880 km,petrol,Automatic,Second,Hyundai,1000cc,4,10/28/2014
 maruti nexon ,45.27thousand,140492 km,Petrol,AUTOMATIC,Second,Maruti,800cc,4,6/19/2010
Tata City,35.49 crore,87942 km,Petrol,Automatic,First,Tata,2000cc,5,4/14/2005
 ford x1 ,27.0 lakh,37610 km,Electric,Manual,First,Ford,2000cc,7,8/20/2014
Maruti Nexon,23.74 thousand,75902 km,Petrol,Manual,Third,Maruti,1000cc,5,7/18/2006
 toyota x1 ,17.18lakh,71740 km,Petrol,Manual,Second,Toyota,1200cc,6,1/11/2011
Hyundai Swift,27.83 lakh,111707 km,CNG,Manual,Second,Hyundai,1200cc,6,10/30/2013
 hyundai i20 ,42.76 lakh,30115 km,petrol,Manual,First,Hyundai,1000cc,6,9/25/2012
 hyundai city ,23.97 crore,74164 km,Petrol,Automatic,Third,Hyundai,1200cc,6,4/2/2010
 honda nexon ,28.85thousand,10283 km,cng,Manual,Third,Honda,1000cc,4,10/28/2018
 toyota innova ,46.93 lakh,129338 km,Petrol,Manual,First,Toyota,1500cc,4,1/13/2008
 toyota figo ,32.09crore,31598 km,Electric,Manual,Third,Toyota,1200cc,7,9/22/2014
 honda i20 ,42.46 crore,144411 km,Petrol,Automatic,Third,Honda,1500cc,5,11/4/2015
Toyota Nexon,2.76thousand,16988 km,CNG,Automatic,Third,Toyota,800cc,7,2/2/2005
Toyota Swift,10.15 crore,149478 km,cng,Automatic,Second,Toyota,1500cc,5,4/20/2007
 mercedes nexon ,22.96 lakh,146878 km,electric,Manual,First,Mercedes,800cc,7,11/2/2011
Maruti Swift,46.14 lakh,118000 km,CNG,Automatic,Second,Maruti,2000cc,6,6/15/2007
Maruti Figo,12.44lakh,8036 km,petrol,Automatic,Second,Maruti,1200cc,7,5/27/2022
 honda swift ,8.14 thousand,17981 km,diesel,Automatic,Second,Honda,800cc,7,10/23/2021
Hyundai Nexon,42.6 thousand,133655 km,Diesel,Manual,Third,Hyundai,2000cc,7,10/14/2011
 honda c-class ,6.54 crore,121125 km,Electric,Automatic,First,Honda,1200cc,6,5/1/2018
Tata C-Class,27.74 crore,39047 km,Diesel,Automatic,First,Tata,1500cc,7,7/6/2008
Maruti Nexon,27.18 lakh,62866 km,CNG,Automatic,Second,Maruti,800cc,4,7/5/2023
Honda X1,11.47 crore,126014 km,Diesel,Manual,Third,Honda,1000cc,4,8/27/2012
 ford nexon ,22.99 lakh,131490 km,Diesel,AUTOMATIC,Third,Ford,2000cc,4,4/23/2018
Mercedes City,43.07 thousand,97391 km,Petrol,Automatic,First,Mercedes,800cc,5,10/12/2014
Toyota Swift,46.34 lakh,81401 km,CNG,Automatic,First,Toyota,1200cc,7,1/30/2005
Ford Nexon,4.69 thousand,104361 km,Diesel,Manual,Second,Ford,2000cc,6,7/6/2023
Toyota X1,20.15 lakh,18140 km,Petrol,Manual,Third,Toyota,2000cc,6,8/22/2017
Maruti City,3.77 lakh,106483 km,CNG,Automatic,Second,Maruti,1000cc,7,10/6/2023
BMW X1,46.93 thousand,90602 km,Petrol,Automatic,First,BMW,1500cc,5,11/21/2023
 mercedes x1 ,9.63 crore,130129 km,,Manual,Third,Mercedes,1500cc,7,7/29/2018
Honda Innova,44.75 thousand,22966 km,Diesel,MANUAL,Second,Honda,1000cc,7,6/7/2008
BMW Nexon,28.23 lakh,99911 km,petrol,Manual,Third,BMW,1500cc,5,1/14/2021
 ford i20 ,30.04 lakh,141598 km,Petrol,Manual,First,Ford,1500cc,4,7/21/2016
BMW Figo,36.65 lakh,124870 km,CNG,Automatic,First,BMW,1200cc,6,11/11/2018
 bmw x1 ,12.04 crore,8360 km,Diesel,AUTOMATIC,First,BMW,1000cc,5,9/8/2005
BMW i20,12.74 thousand,77489 km,Diesel,Automatic,Third,BMW,2000cc,7,4/21/2021
Maruti City,17.0 crore,107182 km,electric,Automatic,Third,Maruti,1500cc,4,11/14/2006
 honda city ,18.63 thousand,98327 km,Diesel,Automatic,Third,Honda,1200cc,5,6/28/2016
Mercedes i20,37.81 crore,57959 km,diesel,Manual,,Mercedes,800cc,7,3/17/2020
 honda figo ,31.07 crore,123123 km,diesel,Manual,Third,Honda,800cc,5,7/30/2008
Tata City,34.9 lakh,60776 km,Petrol,AUTOMATIC,First,Tata,1500cc,6,9/3/2017
Ford City,20.2 crore,72860 km,Electric,Manual,First,Ford,1000cc,5,10/20/2015
Ford X1,35.83 crore,28864 km,Electric,Automatic,First,Ford,1200cc,5,10/1/2017
Toyota X1,31.96 lakh,35906 km,CNG,Manual,Third,Toyota,800cc,7,5/29/2010
Hyundai C-Class,26.37 thousand,37409 km,Petrol,Automatic,First,Hyundai,2000cc,4,10/17/2022
Toyota Swift,42.33lakh,22581 km,Diesel,Manual,Third,Toyota,1200cc,4,3/28/2005
Hyundai Nexon,42.77 lakh,137815 km,Petrol,Manual,Third,Hyundai,800cc,6,
Ford Swift,27.06 thousand,35845 km,electric,Automatic,Third,Ford,1500cc,7,12/11/2012
Toyota C-Class,38.65 lakh,106096 km,Petrol,Manual,Third,Toyota,800cc,7,10/7/2015
Tata i20,11.09 crore,30751 km,CNG,Automatic,Third,Tata,800cc,6,8/31/2009
Toyota Figo,6.31 crore,26119 km,Diesel,Automatic,Third,Toyota,2000cc,6,10/24/2020
Tata i20,26.7 thousand,36420 km,diesel,Automatic,Second,Tata,1000cc,7,2/7/2007
BMW City,3.66 crore,138146 km,Petrol,Automatic,Third,BMW,1200cc,6,5/10/2023
Maruti Innova,20.18 thousand,72223 km,Petrol,Manual,Second,Maruti,800cc,4,12/2/2021
Toyota C-Class,46.37 thousand,114150 km,Diesel,Automatic,Third,Toyota,800cc,5,7/2/2006
 mercedes swift ,5.17 crore,95184 km,Petrol,Manual,Second,Mercedes,2000cc,4,1/4/2013
 ford i20 ,6.85lakh,129496 km,Diesel,Automatic,First,Ford,1000cc,7,10/2/2015
Toyota Nexon,48.3 lakh,57111 km,CNG,Manual,Third,Toyota,1000cc,5,6/22/2021
 maruti i20 ,25.23 thousand,64731 km,Diesel,Automatic,Second,Maruti,1000cc,6,6/29/2005
 tata i20 ,23.1 lakh,120642 km,CNG,Manual,First,Tata,1000cc,5,11/26/2023
Maruti i20,33.92 crore,143315 km,Petrol,MANUAL,First,Maruti,1200cc,6,
Ford Nexon,33.47 crore,24830 km,Electric,Automatic,First,Ford,1000cc,5,12/24/2021
 mercedes figo ,15.55 lakh,108815 km,Petrol,AUTOMATIC,Third,Mercedes,1000cc,4,3/21/2019
Toyota Figo,21.03 lakh,132961 km,diesel,Manual,Second,Toyota,800cc,6,2/20/2015
 maruti x1 ,33.02 crore,5594 km,CNG,MANUAL,Second,Maruti,1200cc,7,7/31/2017
Maruti Innova,37.75 thousand,117357 km,Petrol,AUTOMATIC,Third,Maruti,1200cc,7,9/24/2006
Maruti Nexon,35.89 lakh,22769 km,Diesel,AUTOMATIC,Second,Maruti,2000cc,4,11/5/2006
Honda Nexon,19.89 thousand,149298 km,CNG,Automatic,Second,Honda,800cc,7,3/26/2007
Toyota Nexon,4.21 crore,147716 km,CNG,Automatic,First,Toyota,1000cc,7,11/19/2007
 tata city ,8.34 lakh,137517 km,Electric,Manual,Second,Tata,1500cc,6,10/26/2014
Toyota C-Class,11.2 thousand,103979 km,CNG,Manual,Third,Toyota,2000cc,4,2/16/2011
Honda C-Class,28.55 crore,103739 km,CNG,Manual,Third,Honda,1000cc,4,8/10/2008
Maruti Innova,31.15 lakh,109603 km,CNG,Automatic,Third,Maruti,2000cc,7,12/5/2020
Honda Figo,47.02 thousand,145206 km,CNG,Manual,Third,Honda,1200cc,5,5/23/2010
Ford C-Class,48.88 lakh,54464 km,electric,Automatic,Third,Ford,800cc,5,8/3/2010
Honda C-Class,44.18 thousand,10893 km,CNG,Automatic,Second,Honda,800cc,6,1/29/2006
Hyundai City,44.68 lakh,21153 km,CNG,Manual,Third,Hyundai,1000cc,6,2/6/2018
Honda City,36.54 lakh,141841 km,CNG,Automatic,Third,Honda,800cc,6,12/20/2012
Honda C-Class,17.44 thousand,95579 km,CNG,Automatic,Third,Honda,1200cc,7,11/7/2018
Toyota Swift,39.25 crore,124445 km,diesel,Manual,First,Toyota,1200cc,7,10/10/2022
Tata Figo,2.71 crore,93029 km,,Automatic,Third,Tata,1000cc,7,12/27/2014
BMW Innova,22.61lakh,126752 km,petrol,Manual,Second,BMW,1500cc,4,4/23/2015
Tata Figo,47.39 lakh,95217 km,Petrol,MANUAL,First,Tata,1000cc,7,3/24/2012
Maruti City,36.12crore,43614 km,CNG,Manual,Second,Maruti,800cc,5,3/9/2016
Tata Innova,25.05 crore,7786 km,CNG,AUTOMATIC,First,Tata,1000cc,5,6/19/2010
Mercedes Nexon,41.61 thousand,148196 km,cng,Manual,Second,Mercedes,800cc,6,4/20/2012
BMW Swift,21.94 crore,53305 km,CNG,Automatic,Second,BMW,2000cc,6,3/20/2014
Ford Innova,6.22 crore,146184 km,Electric,MANUAL,Second,Ford,1200cc,7,11/4/2017
Tata Swift,46.26lakh,148453 km,Petrol,Manual,Second,Tata,1200cc,5,11/4/2008
Tata Swift,3.84crore,83448 km,petrol,Automatic,Third,Tata,800cc,7,8/29/2009
 toyota nexon ,18.65 lakh,8467 km,Electric,Automatic,Second,Toyota,800cc,4,6/25/2018
Maruti Innova,42.11 lakh,25110 km,electric,Manual,Third,Maruti,1500cc,4,3/1/2013
Honda C-Class,11.89 crore,130637 km,diesel,Automatic,First,Honda,1500cc,6,10/16/2009
Ford Figo,43.56 lakh,54222 km,CNG,Manual,Third,Ford,1000cc,6,3/10/2014
Toyota i20,6.31 crore,138595 km,Electric,Manual,Second,Toyota,1000cc,6,7/2/2021
 maruti x1 ,24.84 lakh,13738 km,CNG,MANUAL,Second,Maruti,2000cc,4,6/16/2013
 tata swift ,31.94 thousand,51080 km,CNG,AUTOMATIC,Third,Tata,800cc,7,7/19/2015
 maruti nexon ,12.32 thousand,142964 km,Diesel,Automatic,Third,Maruti,1200cc,7,2/21/2013
BMW C-Class,32.55 lakh,29787 km,Petrol,Manual,First,BMW,1000cc,7,5/4/2005
Toyota X1,9.8 thousand,10038 km,diesel,Automatic,First,Toyota,1500cc,5,3/17/2013
Hyundai Innova,6.12 thousand,69352 km,Electric,Automatic,Second,Hyundai,1000cc,6,9/1/2020
Hyundai i20,6.08 crore,95989 km,Diesel,Automatic,Third,Hyundai,1500cc,7,9/16/2019
Hyundai Figo,27.82 lakh,49880 km,Petrol,Automatic,Third,Hyundai,1500cc,7,9/7/2005
Ford X1,44.98 lakh,35257 km,Petrol,Automatic,Second,Ford,1000cc,5,3/9/2012
 ford innova ,46.59 thousand,16301 km,CNG,Automatic,First,Ford,1200cc,4,11/25/2015
BMW X1,33.56 thousand,73324 km,Petrol,Automatic,First,BMW,1000cc,5,2/27/2021
Ford C-Class,19.52lakh,130400 km,Petrol,Automatic,Second,Ford,800cc,5,2/17/2013
Maruti Nexon,40.76 lakh,30727 km,Petrol,Manual,Third,Maruti,2000cc,5,8/26/2017
Ford X1,38.36 lakh,33640 km,Electric,Manual,Third,Ford,1200cc,6,1/4/2017
 bmw figo ,25.73 crore,130731 km,Electric,Automatic,Third,BMW,2000cc,7,1/6/2012
Hyundai Nexon,21.1 thousand,136522 km,electric,Automatic,Second,Hyundai,1500cc,4,11/1/2005
Maruti C-Class,22.17 lakh,54812 km,Electric,Manual,Third,Maruti,2000cc,6,4/15/2019
Honda Swift,8.92 lakh,29974 km,Diesel,Manual,Third,Honda,1500cc,5,12/13/2021
 ford innova ,19.05 crore,134345 km,CNG,MANUAL,Third,Ford,2000cc,5,4/16/2020
Toyota Figo,42.31 crore,8052 km,CNG,Automatic,Second,Toyota,2000cc,6,10/8/2012
 honda swift ,39.33 crore,55035 km,Diesel,Manual,Third,Honda,800cc,6,12/1/2018
 toyota figo ,22.97 thousand,29890 km,Petrol,Automatic,Third,Toyota,2000cc,4,7/21/2005
Hyundai C-Class,42.5 lakh,103384 km,Petrol,Automatic,First,Hyundai,1000cc,7,8/8/2022
Ford Nexon,20.62 thousand,135308 km,Diesel,AUTOMATIC,First,Ford,2000cc,7,6/21/2017
 ford i20 ,32.0 lakh,47148 km,Petrol,Automatic,Second,Ford,2000cc,6,1/21/2006
Tata i20,13.57crore,123721 km,CNG,Manual,Third,Tata,1200cc,5,11/19/2012
Hyundai i20,26.12 thousand,85926 km,Diesel,Automatic,Second,Hyundai,1000cc,4,3/5/2008
Ford City,25.32 lakh,74902 km,Petrol,Manual,Second,Ford,1500cc,7,11/25/2008
Honda Swift,17.43 crore,100999 km,Petrol,Automatic,Second,Honda,1200cc,4,9/11/2005
BMW X1,45.06 crore,22052 km,CNG,Automatic,Second,BMW,1500cc,6,11/21/2006
 mercedes figo ,46.58 lakh,142830 km,Diesel,Manual,Third,Mercedes,1200cc,4,9/16/2023
 honda i20 ,4.17 lakh,63524 km,CNG,AUTOMATIC,Third,Honda,2000cc,4,9/18/2020
Hyundai Figo,16.0crore,125114 km,Petrol,Automatic,Second,Hyundai,2000cc,5,3/22/2022
Maruti i20,48.85 crore,109806 km,Petrol,Automatic,Third,Maruti,1000cc,4,1/2/2006
 tata city ,16.09 lakh,119538 km,Petrol,MANUAL,First,Tata,1500cc,6,12/5/2020
Mercedes C-Class,12.99 lakh,98261 km,petrol,Automatic,Third,Mercedes,800cc,4,3/23/2022
Toyota Innova,9.4 lakh,140936 km,Petrol,Manual,Second,Toyota,1200cc,4,11/5/2019
Tata Swift,46.27 crore,56815 km,Diesel,MANUAL,First,Tata,2000cc,4,8/30/2005
Tata i20,12.76 crore,101081 km,Electric,Manual,Second,Tata,1200cc,4,5/19/2016
Hyundai Innova,25.25lakh,25122 km,Electric,Manual,Third,Hyundai,2000cc,6,5/17/2014
 maruti figo ,17.26 lakh,111226 km,CNG,Manual,Third,Maruti,800cc,7,10/21/2013
 maruti innova ,47.44 lakh,7033 km,Diesel,Manual,Second,Maruti,800cc,4,5/21/2016
Mercedes i20,46.66 lakh,133304 km,Petrol,Manual,Third,Mercedes,1500cc,5,11/24/2014
 mercedes nexon ,30.03 crore,26177 km,Diesel,Manual,Second,Mercedes,2000cc,7,3/25/2021
Mercedes i20,4.15 lakh,15930 km,Electric,Manual,Second,Mercedes,1000cc,4,7/10/2022
BMW i20,35.14thousand,116757 km,Electric,Manual,First,BMW,1000cc,4,11/28/2014
BMW City,34.74crore,38700 km,Electric,Automatic,Second,BMW,1500cc,5,10/24/2010
BMW Nexon,17.76 crore,62220 km,Electric,Manual,First,BMW,800cc,4,12/9/2010
Hyundai Innova,,125971 km,petrol,Automatic,Second,Hyundai,2000cc,5,4/23/2008
Hyundai Swift,26.64 thousand,118010 km,Diesel,MANUAL,First,Hyundai,1200cc,5,2/13/2022
Maruti Innova,6.72 thousand,70821 km,Diesel,Manual,Third,Maruti,1200cc,7,7/4/2009
 toyota figo ,10.23 thousand,65091 km,CNG,Manual,Third,Toyota,800cc,6,8/13/2016
Toyota City,38.97 crore,130993 km,CNG,Manual,First,Toyota,800cc,6,9/21/2022
 hyundai innova ,30.74 thousand,142624 km,CNG,Automatic,Third,Hyundai,800cc,7,5/18/2011
Maruti Innova,6.79 crore,141094 km,electric,MANUAL,Third,Maruti,800cc,4,3/19/2005
 toyota figo ,17.19 thousand,15267 km,Petrol,Manual,Second,Toyota,1200cc,4,1/6/2017
Honda Figo,30.98 thousand,82151 km,Petrol,Automatic,Second,Honda,2000cc,7,11/12/2017
Mercedes C-Class,49.34 crore,32306 km,Petrol,Automatic,Third,Mercedes,1000cc,4,9/16/2008
 tata i20 ,33.46 lakh,139854 km,petrol,Automatic,Second,Tata,1200cc,4,2/21/2007
,4.65lakh,41682 km,Diesel,Manual,First,BMW,1500cc,4,6/16/2006
Ford Innova,26.46 lakh,142799 km,Diesel,Automatic,First,Ford,1500cc,7,8/28/2018
Tata Innova,42.44 lakh,34609 km,CNG,Automatic,Third,Tata,1500cc,7,11/13/2008
Mercedes X1,9.35 lakh,75661 km,petrol,Manual,Third,Mercedes,1500cc,4,9/17/2015
Honda Innova,13.41 thousand,120418 km,Petrol,Automatic,Third,Honda,800cc,4,1/23/2016
Mercedes C-Class,23.61 crore,51589 km,Electric,Manual,First,Mercedes,800cc,4,11/2/2015
BMW Nexon,28.64 crore,137517 km,Diesel,Automatic,Second,BMW,800cc,4,2/10/2005
Mercedes X1,24.12 thousand,57116 km,Electric,Automatic,Third,Mercedes,1500cc,7,10/15/2022
Maruti X1,48.0 lakh,48960 km,Petrol,Manual,First,Maruti,1000cc,7,11/25/2022
Honda Figo,2.17 lakh,129111 km,Petrol,Automatic,First,Honda,800cc,5,2/22/2017
Toyota X1,2.46 lakh,29863 km,Diesel,Manual,First,Toyota,800cc,7,4/2/2007
Honda X1,39.13 crore,76753 km,Electric,Automatic,Third,Honda,1000cc,6,5/22/2014
Toyota Innova,8.71 thousand,99906 km,Petrol,Manual,Third,Toyota,1200cc,7,12/9/2008
Honda City,23.57 thousand,86035 km,Petrol,Manual,Second,Honda,2000cc,5,7/10/2018
Hyundai X1,41.86crore,127478 km,Diesel,Manual,Third,Hyundai,2000cc,7,4/12/2012
 ford i20 ,41.76 thousand,57881 km,electric,Automatic,Second,Ford,800cc,5,1/20/2005
Tata C-Class,18.1 lakh,100853 km,CNG,Manual,First,Tata,,7,8/28/2009
 bmw city ,49.05 crore,112867 km,Electric,AUTOMATIC,First,BMW,1500cc,4,1/3/2007
Tata i20,12.58 crore,63691 km,Petrol,MANUAL,First,Tata,1500cc,7,5/21/2016
 honda i20 ,4.74 lakh,58224 km,Diesel,Manual,Third,Honda,1200cc,6,8/22/2020
 tata swift ,6.99 lakh,109231 km,Electric,Manual,Third,Tata,2000cc,4,12/29/2022
 bmw innova ,15.08 thousand,8546 km,Electric,Manual,Third,BMW,1500cc,5,11/5/2009
Honda Figo,28.97 lakh,33916 km,Electric,Automatic,Third,Honda,1500cc,7,5/16/2005
 mercedes c-class ,30.02 lakh,92708 km,Diesel,Manual,Second,Mercedes,1500cc,5,9/12/2016
 maruti city ,14.64 crore,62024 km,Petrol,Manual,Second,Maruti,1500cc,7,11/27/2021
Hyundai i20,15.9 crore,26154 km,Diesel,Manual,Second,Hyundai,2000cc,5,6/12/2021
Tata Swift,13.62 lakh,41997 km,Electric,,Second,Tata,1500cc,7,4/11/2011
 honda i20 ,23.45 lakh,100599 km,CNG,Manual,Third,Honda,1200cc,7,11/20/2020
Mercedes City,11.34 crore,144116 km,Electric,Manual,Third,Mercedes,800cc,7,12/6/2007
Toyota X1,34.35 crore,140617 km,Diesel,Manual,Third,Toyota,1200cc,4,
 ford c-class ,16.6 thousand,113717 km,electric,Automatic,Second,Ford,800cc,7,8/29/2018
Mercedes City,49.55 thousand,38288 km,diesel,Automatic,Third,Mercedes,1000cc,4,10/6/2005
BMW Innova,16.35 crore,58696 km,Diesel,Automatic,Second,BMW,800cc,7,1/17/2021
BMW Innova,40.32 thousand,82459 km,CNG,AUTOMATIC,Third,BMW,1200cc,4,1/2/2020
Mercedes Nexon,16.79 lakh,66651 km,petrol,Automatic,First,Mercedes,1000cc,6,5/27/2011
 mercedes swift ,4.35lakh,34245 km,Electric,MANUAL,Third,Mercedes,1500cc,5,8/29/2014
Mercedes Nexon,49.95 thousand,139069 km,electric,Automatic,Second,Mercedes,1000cc,5,2/9/2015
 toyota city ,24.05 crore,137274 km,Electric,MANUAL,First,Toyota,1000cc,7,9/30/2015
Ford Swift,43.1 lakh,113966 km,petrol,Manual,Third,Ford,1000cc,4,1/4/2006
Hyundai Nexon,34.14 thousand,135938 km,Diesel,Manual,Third,Hyundai,2000cc,4,12/5/2014
Tata Nexon,26.98 crore,90837 km,CNG,Manual,Second,Tata,800cc,5,12/14/2009
Hyundai Nexon,16.14 crore,64452 km,Diesel,Manual,Third,,800cc,7,4/7/2022
Hyundai Nexon,33.58 lakh,68669 km,CNG,Automatic,Second,Hyundai,1500cc,7,10/12/2016
Honda Nexon,49.95 lakh,141383 km,Electric,Automatic,Second,Honda,2000cc,6,4/3/2018
Toyota C-Class,22.1 crore,96522 km,Electric,Manual,Third,Toyota,2000cc,5,3/29/2018
Maruti X1,37.66 thousand,116034 km,Petrol,Manual,First,Maruti,800cc,5,7/11/2005
Tata Innova,21.94 crore,135786 km,cng,Manual,First,Tata,800cc,5,11/9/2005
 bmw x1 ,27.48 thousand,20389 km,Electric,Automatic,First,BMW,2000cc,6,5/29/2012
Mercedes Nexon,15.5 crore,52252 km,Electric,Automatic,First,Mercedes,1200cc,4,12/24/2023
 hyundai swift ,6.08 thousand,120356 km,Electric,Manual,First,Hyundai,1500cc,4,5/7/2017
Mercedes City,10.23 thousand,60577 km,Petrol,MANUAL,Second,Mercedes,1500cc,6,5/12/2015
 toyota city ,46.79 lakh,18255 km,Diesel,Automatic,First,Toyota,800cc,7,9/30/2011
Mercedes Figo,43.4 thousand,70424 km,CNG,Manual,Second,Mercedes,800cc,5,12/28/2022
Tata X1,35.37 thousand,139047 km,diesel,Automatic,Third,Tata,1000cc,7,12/9/2019
 mercedes nexon ,10.97 crore,63175 km,cng,Automatic,Third,Mercedes,1500cc,5,4/21/2016
Mercedes i20,3.46 crore,25746 km,Diesel,Manual,Third,Mercedes,2000cc,6,10/29/2013
 tata nexon ,25.05 crore,89154 km,Petrol,Automatic,Third,Tata,1200cc,7,9/15/2011
BMW Nexon,15.35 lakh,108134 km,Petrol,Automatic,First,BMW,800cc,4,3/9/2014
Hyundai X1,35.41 crore,125930 km,CNG,Automatic,Second,Hyundai,1500cc,5,7/2/2021
Honda Swift,40.35 lakh,67447 km,Diesel,Manual,First,Honda,2000cc,7,11/22/2023
 toyota i20 ,21.35 thousand,38935 km,CNG,Automatic,Third,Toyota,1500cc,5,3/5/2005
 hyundai figo ,32.32lakh,91727 km,petrol,Manual,Third,Hyundai,1000cc,7,5/4/2011
 tata figo ,33.72 lakh,129649 km,Electric,Automatic,Third,Tata,1000cc,5,5/22/2018
 maruti figo ,39.32 thousand,79542 km,Diesel,Automatic,Second,Maruti,2000cc,4,10/13/2006
Ford C-Class,31.69 thousand,135176 km,Electric,Manual,Third,Ford,1200cc,4,4/29/2023
Honda Innova,29.11 lakh,94341 km,CNG,Automatic,Second,Honda,1000cc,7,3/7/2019
 honda figo ,45.31 thousand,107016 km,Petrol,AUTOMATIC,Second,Honda,1200cc,4,10/1/2015
 ford nexon ,3.49 crore,28199 km,electric,Automatic,Third,Ford,2000cc,5,4/27/2006
Tata i20,25.63 lakh,134122 km,Diesel,Manual,First,Tata,1500cc,6,8/13/2007
 tata i20 ,2.13thousand,102016 km,diesel,Manual,Third,Tata,800cc,6,8/9/2020
Honda Figo,23.66 thousand,137033 km,Diesel,Manual,Third,Honda,2000cc,7,3/26/2021
,33.91 crore,147879 km,cng,MANUAL,First,BMW,1200cc,7,1/19/2018
BMW X1,8.49thousand,84690 km,Diesel,Automatic,Third,BMW,1200cc,7,1/9/2019
Tata Innova,13.0 crore,129825 km,Electric,Manual,Third,Tata,1200cc,6,10/13/2020
Tata Innova,15.1 lakh,108491 km,CNG,Manual,First,Tata,1200cc,7,12/2/2020
BMW i20,4.37 lakh,40733 km,petrol,Manual,First,BMW,1200cc,5,11/20/2007
Hyundai Nexon,42.67lakh,24122 km,Diesel,Manual,Second,Hyundai,1000cc,4,3/22/2016
 bmw city ,6.73 lakh,93671 km,Diesel,Automatic,First,BMW,1200cc,6,1/6/2008
Maruti Swift,21.07 thousand,8281 km,Petrol,Manual,First,Maruti,800cc,7,1/24/2010
Honda X1,19.67 thousand,42293 km,CNG,Automatic,Second,Honda,1000cc,4,9/12/2014
Mercedes Innova,24.77 lakh,94786 km,Diesel,Manual,Second,Mercedes,800cc,6,2/9/2013
Toyota i20,42.81 lakh,118774 km,Electric,Manual,Third,Toyota,1200cc,7,1/19/2008
Tata Nexon,28.1 crore,62915 km,petrol,Automatic,Third,Tata,800cc,4,11/17/2007
Tata i20,26.77 crore,46024 km,Electric,Manual,Third,Tata,1000cc,5,11/10/2006
Hyundai Innova,15.51 thousand,101873 km,Petrol,AUTOMATIC,Third,Hyundai,2000cc,7,9/6/2023
Mercedes X1,21.8 crore,52511 km,CNG,Automatic,Second,Mercedes,1000cc,5,11/4/2019
Tata i20,10.09lakh,71448 km,CNG,Automatic,Second,Tata,1500cc,5,10/16/2020
Hyundai Nexon,28.57 lakh,25302 km,CNG,Manual,Second,Hyundai,1500cc,5,3/30/2005
Mercedes Figo,47.82 lakh,125820 km,electric,Automatic,First,Mercedes,1500cc,5,12/22/2005
 ford x1 ,40.65 lakh,38472 km,Diesel,Manual,Third,Ford,2000cc,6,5/15/2021
 maruti innova ,31.41 lakh,25115 km,Petrol,MANUAL,First,Maruti,1200cc,4,9/5/2019
BMW Innova,21.81 crore,63810 km,Diesel,Automatic,Second,BMW,1200cc,7,1/28/2023
Toyota Swift,38.5 lakh,9882 km,Diesel,Automatic,First,Toyota,1200cc,6,4/6/2016
Ford X1,9.06 crore,94869 km,Petrol,Automatic,Second,Ford,1000cc,7,12/20/2009
Mercedes C-Class,38.52 crore,66915 km,,Automatic,Second,Mercedes,800cc,7,6/11/2007
BMW i20,24.83 lakh,39499 km,Petrol,Manual,Third,BMW,2000cc,6,11/24/2019
 mercedes city ,16.11 crore,92249 km,Electric,Automatic,Second,Mercedes,1200cc,6,12/22/2013
Mercedes X1,14.38 thousand,69281 km,Electric,,Third,Mercedes,800cc,6,8/18/2012
 mercedes innova ,24.26 lakh,94450 km,Petrol,Automatic,Second,Mercedes,800cc,7,1/25/2010
 honda x1 ,35.42 lakh,78519 km,Electric,Automatic,Second,Honda,800cc,6,8/12/2007
 tata figo ,39.53 lakh,73679 km,CNG,Automatic,Third,Tata,1200cc,7,8/4/2020
Maruti i20,8.52 thousand,16787 km,diesel,Manual,Third,Maruti,1200cc,7,9/29/2023
BMW Nexon,10.25 lakh,22947 km,Petrol,Manual,Third,BMW,1200cc,4,9/24/2005
 maruti nexon ,49.14 thousand,92563 km,cng,Manual,Second,,1500cc,4,6/3/2011
Toyota C-Class,17.67 thousand,59457 km,cng,Manual,Second,Toyota,2000cc,4,10/3/2008
Ford Nexon,9.19 lakh,87569 km,Diesel,AUTOMATIC,First,Ford,2000cc,4,7/14/2015
Ford City,5.2 lakh,149157 km,Electric,AUTOMATIC,Third,Ford,1500cc,5,4/24/2016
 mercedes x1 ,6.46crore,117361 km,Petrol,Automatic,Second,Mercedes,1000cc,4,10/10/2021
 honda nexon ,39.05 crore,60119 km,Electric,Manual,Second,Honda,2000cc,4,12/22/2008
Maruti City,33.63thousand,124905 km,Petrol,Manual,Second,Maruti,1200cc,4,9/12/2011
 toyota city ,22.86 lakh,139520 km,Petrol,Automatic,Second,Toyota,1200cc,4,4/14/2022
Toyota X1,37.74 thousand,109033 km,Electric,Manual,Third,Toyota,1000cc,5,7/28/2013
 tata x1 ,39.66 lakh,23113 km,Diesel,Manual,Second,Tata,1200cc,4,1/18/2006
Mercedes C-Class,29.08 lakh,42482 km,Petrol,Manual,First,Mercedes,2000cc,,11/24/2012
BMW i20,37.57 lakh,96372 km,cng,AUTOMATIC,Third,BMW,2000cc,6,11/24/2006
BMW C-Class,37.11lakh,29217 km,Diesel,Automatic,Third,BMW,1200cc,6,8/12/2012
 bmw c-class ,43.51 lakh,52102 km,Petrol,Automatic,Second,BMW,1200cc,4,8/23/2021
 bmw i20 ,20.83 lakh,127130 km,CNG,Automatic,First,BMW,2000cc,5,11/25/2010
 tata nexon ,46.52lakh,123944 km,Diesel,Manual,First,Tata,1200cc,7,10/14/2017
Ford Innova,13.15 crore,116616 km,petrol,Automatic,First,Ford,1200cc,4,9/17/2005
Hyundai Figo,15.1 thousand,7062 km,Diesel,Automatic,First,Hyundai,800cc,6,8/19/2018
 mercedes swift ,10.17 lakh,39517 km,CNG,Manual,Third,Mercedes,1500cc,7,9/23/2018
Toyota Nexon,40.03 thousand,90590 km,petrol,Automatic,First,Toyota,1200cc,7,12/1/2008
Mercedes City,20.49crore,141975 km,Petrol,Automatic,Second,Mercedes,1200cc,5,3/5/2011
Ford Swift,36.39 lakh,120106 km,diesel,Automatic,Third,Ford,2000cc,7,8/24/2010
Tata i20,26.44 lakh,19810 km,Diesel,Automatic,Third,Tata,1500cc,7,4/14/2019
 ford city ,33.83 crore,80855 km,electric,Manual,Third,Ford,1500cc,4,10/26/2008
 maruti x1 ,30.72 crore,49875 km,petrol,Manual,Third,Maruti,1000cc,7,7/24/2022
Hyundai Nexon,24.97 crore,112444 km,electric,Automatic,Third,Hyundai,1000cc,7,2/13/2012
 ford swift ,18.78 lakh,29945 km,Diesel,Manual,Third,Ford,2000cc,7,12/31/2009
BMW Swift,15.9 lakh,,diesel,Automatic,First,BMW,800cc,5,7/22/2013
Honda City,38.49 lakh,102996 km,Petrol,Manual,Third,Honda,1000cc,4,8/9/2020
Ford C-Class,44.92 crore,9617 km,diesel,Manual,Second,Ford,1000cc,7,11/3/2019
 toyota i20 ,35.97thousand,6281 km,petrol,Manual,Second,Toyota,1200cc,5,3/22/2022
Ford City,34.3 lakh,142418 km,Petrol,Automatic,Third,Ford,1000cc,4,1/12/2017
Maruti Figo,32.99crore,24209 km,Petrol,Manual,Third,Maruti,1000cc,7,3/13/2012
 hyundai city ,25.41 crore,126593 km,Electric,Automatic,Second,Hyundai,1000cc,5,7/23/2018
Honda X1,20.42 thousand,69023 km,Petrol,Automatic,Third,Honda,2000cc,6,3/26/2019
Mercedes X1,44.24 crore,15767 km,diesel,Manual,Third,Mercedes,1200cc,6,3/2/2006
Toyota Swift,35.47 crore,51082 km,cng,Automatic,First,Toyota,2000cc,6,12/13/2022
 mercedes nexon ,13.6 lakh,129928 km,petrol,AUTOMATIC,Second,Mercedes,1000cc,5,5/17/2011
 honda swift ,48.56 lakh,79508 km,Petrol,Automatic,First,Honda,1500cc,5,1/5/2010
Tata City,14.46 thousand,73721 km,Diesel,Automatic,Second,Tata,1200cc,4,12/12/2016
Ford C-Class,4.8 lakh,119551 km,Electric,Automatic,Third,Ford,1000cc,6,9/8/2014
Honda i20,42.28 lakh,72805 km,CNG,Manual,Second,Honda,1500cc,6,4/12/2009
 toyota swift ,38.96 crore,44374 km,petrol,Automatic,First,Toyota,1000cc,4,7/6/2023
Honda Swift,40.62 lakh,25458 km,Electric,Automatic,Second,Honda,2000cc,5,5/14/2006
BMW i20,28.06 lakh,105438 km,Electric,Manual,Second,BMW,800cc,6,6/8/2012
Maruti i20,12.69 thousand,42248 km,Electric,Manual,First,Maruti,2000cc,,8/31/2010
 bmw i20 ,40.58 thousand,10759 km,Petrol,Automatic,Second,BMW,800cc,6,5/26/2021
Mercedes X1,28.63 crore,116502 km,Petrol,Automatic,Second,Mercedes,1500cc,4,4/1/2005
Honda Figo,38.5 lakh,61086 km,Petrol,Automatic,Third,Honda,2000cc,5,10/30/2021
Toyota Figo,37.55 lakh,134705 km,,Manual,Third,Toyota,1500cc,6,4/3/2022
Maruti i20,38.58 crore,93853 km,diesel,Automatic,Second,Maruti,2000cc,6,1/23/2020
BMW i20,46.95 crore,69194 km,Diesel,Manual,Second,BMW,1000cc,7,6/27/2022
BMW i20,42.38 lakh,80511 km,cng,Automatic,Second,BMW,2000cc,5,12/28/2010
 honda x1 ,45.22lakh,30798 km,Diesel,MANUAL,Second,Honda,1000cc,6,2/10/2019
BMW Figo,38.03 thousand,149359 km,Diesel,Manual,First,BMW,1200cc,6,3/20/2012
Hyundai X1,45.18 crore,71013 km,Petrol,Manual,Third,Hyundai,800cc,4,1/30/2011
Tata City,20.76 thousand,25573 km,Diesel,Automatic,First,Tata,1500cc,7,5/21/2017
 toyota c-class ,33.54 crore,6336 km,Petrol,Automatic,Third,Toyota,1000cc,5,9/18/2015
Tata Figo,15.62 thousand,89987 km,CNG,Manual,Third,Tata,2000cc,4,8/12/2009
BMW X1,47.7 crore,122911 km,Petrol,Automatic,First,BMW,1000cc,6,2/24/2008
Honda Innova,12.65 thousand,86775 km,Diesel,Manual,First,Honda,1200cc,6,7/20/2017
Mercedes Swift,27.16 lakh,136537 km,diesel,Manual,Third,Mercedes,1200cc,7,9/23/2023
Hyundai Nexon,48.51 lakh,33577 km,petrol,Manual,First,Hyundai,1200cc,4,8/10/2006
Hyundai Innova,48.16 thousand,118319 km,Petrol,AUTOMATIC,First,Hyundai,800cc,4,11/10/2017
Tata i20,36.74 lakh,85488 km,Petrol,Manual,First,Tata,1200cc,6,11/17/2021
 maruti nexon ,30.56thousand,135181 km,Petrol,Automatic,Third,Maruti,800cc,4,4/12/2007
Mercedes X1,21.5 lakh,58066 km,Diesel,AUTOMATIC,First,Mercedes,1000cc,6,2/9/2008
Hyundai Swift,15.19 crore,123455 km,Petrol,AUTOMATIC,Third,Hyundai,1200cc,4,11/9/2014
 ford c-class ,41.84thousand,21159 km,Electric,Manual,Second,Ford,1000cc,4,5/5/2013
Toyota i20,29.89 lakh,63837 km,Petrol,Automatic,First,Toyota,1200cc,4,1/28/2020
Tata Figo,14.62 lakh,124802 km,Diesel,Manual,First,Tata,800cc,4,6/30/2023
Ford Figo,45.15 thousand,135581 km,Electric,Automatic,First,Ford,800cc,7,11/12/2005
Hyundai City,23.27 lakh,21664 km,CNG,Manual,Second,Hyundai,2000cc,5,3/12/2008
 hyundai city ,24.33 lakh,53336 km,Electric,Automatic,First,Hyundai,1200cc,6,5/29/2011
